n,key,url,classifier,category,spec_areas,confidence,rationale,summary,description,project,issuetype,components,labels,links,haiku_category,haiku_confidence
1,CSHARP-4084,https://jira.mongodb.org/browse/CSHARP-4084,human,test_infrastructure,,low,mentions other driver,Update initial DNS seedlist discovery tests to support dedicated load balancer port,"This ticket was split from {{DRIVERS-2224}}, please see that ticket for a detailed description. ",CSHARP,Bug,,,Issue split:DRIVERS-2224,cross_driver_inconsistency,low
2,SCALA-444,https://jira.mongodb.org/browse/SCALA-444,human,test_infrastructure,,low,Insufficient detail to classify,Resync read write concern tests to add new read concern levels,See DRIVERS-567 for details.,SCALA,Improvement,,,Depends:SPEC-1152|Depends:DRIVERS-567,not_relevant,low
3,NODE-5514,https://jira.mongodb.org/browse/NODE-5514,human,not_relevant,,medium,Insufficient signal,refactor FLE internals to use async-await,"h3. Use Case
As a driver engineer,
I want our FLE logic to use async-await,
So that it is easier to debug, it is easier to maintain and we can ensure we catch errors thrown.

h3. User Impact
n/a - should be internal refactor.

h3. Dependencies
n/a

h3. Unknowns
n/a

h3. Acceptance Criteria

h4. Implementation Requirements
 - Remove callbacks from `MongocryptdManager`, `StateMachine` and `AutoEncrypter` and refactor the methods to be async-await.
 -- Adjust any places in the driver that consume these APIs.
 - Make `Encrypter.close` async.
 - Update all tests in FLE and the driver to use async/await or promises where they were using callbacks.
 - Update the StateMachine's parsing of TLS options to be async
 -- [https://github.com/mongodb/node-mongodb-native/blob/71c593685735a08d5d7503120464a7c23ba20a46/src/client-side-encryption/stateMachine.js#L386]
 - Remove `common.js` now that maybePromise and promiseOrCallback are unused

h4. Testing Requirements
* Our unit tests for MongocryptdManager, StateMachine and AutoEncrypter mock the internal APIs we are modifying.  We'll need to update the unit tests to stub async functions instead of stubbing callback functions.

h4. Documentation Requirements
* n/a

h4. Follow Up Requirements
* n/a",NODE,Improvement,,node-internal,,not_relevant,medium
4,JAVA-4646,https://jira.mongodb.org/browse/JAVA-4646,human,spec_ambiguity_or_gap,,high,"Virtual thread interrupt handling, internal concern.",Deal with consequence of interrupted socket operation throwing SocketException,"When a socket operation is interrupted (say by a call to {{StructuredTaskScope#joinUntil}} that times out, tests show that {{SocketInputStream#read}} throws a {{SocketException}} with the message {{""Closed by interrupt""}} .  The driver will treat that exception according to the rules defined by the SDAM and CMAP specifications, as a network error.  But it should be treated more like {{InterruptedException}}.",JAVA,Improvement,Internal,loom,,not_relevant,high
5,NODE-1890,https://jira.mongodb.org/browse/NODE-1890,human,test_infrastructure,,low,"Improvement ticket, unclear spec impact.",Do not run sharding transaction tests for mongodb < 4.1.5,"Currently the transactions tests will attempt to run against a 4.0.x {{mongos}}, which causes the sharded tests to fail across the board.",NODE,Improvement,Native,,,driver_spec_nonconformance,low
6,MGO-19,https://jira.mongodb.org/browse/MGO-19,human,driver_spec_nonconformance,crud,medium,Bug in spec area: crud.,Change nUpdated to nMatched in bulk api results,,MGO,Improvement,,,Related:DRIVERS-140,driver_spec_nonconformance,medium
7,GODRIVER-3481,https://jira.mongodb.org/browse/GODRIVER-3481,human,test_infrastructure,,low,insufficient signal,Improve JSON tests for Binary Vector Subtype,"This ticket was split from {{DRIVERS-3097}}, please see that ticket for a detailed description. ",GODRIVER,Improvement,BSON,,Issue split:DRIVERS-3097,not_relevant,low
8,CDRIVER-1082,https://jira.mongodb.org/browse/CDRIVER-1082,human,driver_spec_nonconformance,crud,high,Bulk operation splitting ignores write command overhead; BSON size limit.,Proper bulk operation splitting at the margin,"The driver sends a write command to the server if the ""documents"", ""updates"", or ""deletes"" array alone is at most 16MB plus 16K; it should also take into account the additional overhead of the write command (writeConcern, readPreference, etc.) and split the batch if the total command document exceeds 16MB plus 16K.",CDRIVER,Bug,,,Related:CS-27707,avoidable_by_spec_conformance,high
9,JAVA-4523,https://jira.mongodb.org/browse/JAVA-4523,human,not_relevant,,high,Buffer leak with compression; resource management bug.,Buffer is leaked from buffer pool on socket exception,"In {{SocketStream#read}}, the {{ByteBuf}} is not released if an exception is thrown.  As a result the buffer will be GC'd but will not be returned to the buffer pool.  This is a performance issue, but also a correctness issue, as it will result in a permit never being released.  Eventually, an application could run out of permits (although currently there are {{Integer#MAX_VALUE}} permits available so it's unlikely.",JAVA,Bug,Internal,,,avoidable_by_spec_conformance,high
10,CSHARP-2219,https://jira.mongodb.org/browse/CSHARP-2219,human,driver_spec_nonconformance,,medium,matches ci keyword,ClusterClockAdvancingCoreSession should return the greater of the two ClusterTimes,"As part of gossiping the cluster time the driver appends a {{*$clusterTime*}} element to the command sent to the server.

The code in {{*CommandUsingCommandMessageWireProtocol*}} looks like this:

{code}
var clusterTimeElement = new BsonElement(""$clusterTime"", _session.ClusterTime);
extraElements.Add(clusterTimeElement);
{code}

The driver is supposed to send the greater of the session's {{*ClusterTime*}} and the cluster's {{*ClusterTime*}}. The line of code as written above assumes that the {{*_session*}} value is an instance of {{*ClusterClockAdvancingClusterTime*}} and that {{*ClusterClockAdvancingClusterTime*}} will be the one to compare the two {{*ClusterTimes*}} and return the greater of the two.

The current implementation of {{*ClusterClockAdvancingClusterTime*}} neglected to do that.

{{*ClusterClockAdvancingClusterTime*}} needs to override the {{*ClusterTime*}} property to return the greater of the two {{*ClusterTimes*}}.

",CSHARP,Bug,Connectivity,,,not_relevant,medium
11,RUBY-2854,https://jira.mongodb.org/browse/RUBY-2854,human,spec_ambiguity_or_gap,sessions,medium,Session from find not passed to count_documents; inconsistent with session handling spec.,Consider passing find (collection view) session to count_documents,"Original report:

 when you do:

{{collection.find({}, session: x).count_documents}}

it doesn't use the {{session}} that is stored in the {{options}} of the {{View}} that {{find}} returns

 

Sorry if I didn't specify clearly enough. In an attempt to clarify more, I monkeypatched the method like so:

opts = opts.select\{ |k, _| [:hint, :max_time_ms, :read, :collation, :session].include?(k) }
opts[:collation] ||= collation
opts[:session] ||= options[:session]

This then allows you to override the {{session}} when calling count_documents but by default it will use the one already specified on the {{View}}

 ----------------------


There is precedent for some find options not being applicable to subsequent methods, for example limit given to find does not apply to updates (which could update either a single document or all matching documents, but not an arbitrary number of them).

As part of this ticket at least all of the view methods should be reviewed for behaving consistently with respect to either using or not using the session option given to find.

Additionally, reference documentation needs to be reviewed and likely updated to state that find session will carry over to other operations.",RUBY,Improvement,,,Cloners:RUBY-2843|Related:RUBY-2706,driver_spec_nonconformance,medium
12,PHPC-756,https://jira.mongodb.org/browse/PHPC-756,human,not_relevant,bson,medium,mentions or links to another driver,fromJSON() should not evaluate bson_error_t.message as boolean,"In {{bson.c}}, {{fromJson}} calls {{phongo_throw_exception}} with either a custom error message, or a generic ""Error parsing JSON"" message.

To determine whether or not to use a custom error message (bubbled up from mongoc) it checks whether a {{bson_error_t}}'s {{message}} field is NULL. Since the {{message}} field is just an array, it is never NULL. This produces a warning on some compilers.

To check if the {{bson_error_t}} has an error message, {{error.code}} or {{error.domain}} should be checked instead.",PHPC,Bug,,,Related:HHVM-273,cross_driver_inconsistency,medium
13,MOTOR-154,https://jira.mongodb.org/browse/MOTOR-154,human,not_relevant,collation,medium,Bug in collation component if found.,"AgnosticCursor fails with ""collation"" method","Hi,
In my app I'm using motor+tornado. I've tried to execute query with collation()

{code:python}
db[""test_collection""].find({}).sort(""field"").collation(Collation(""pl"")).to_list(length=1)
{code}

Unfortunately, `core.AgnosticCursor` has `collation` defined as `ReadOnlyProperty()` not `MotorCursorChainingMethod()` and the code fails with error

{code}
AttributeError: 'Cursor' object has no attribute 'to_list'
{code}

",MOTOR,Bug,,,,cross_driver_inconsistency,medium
14,CSHARP-3200,https://jira.mongodb.org/browse/CSHARP-3200,human,not_relevant,,medium,Spec nonconformance in crud.,Release on Evergreen,"
    See DRIVERS-1383 for updated details.
    ",CSHARP,Improvement,Build,,Depends:DRIVERS-1383|Depends:CSHARP-3471|Related:CSHARP-2933|Related:CSHARP-4154,driver_spec_nonconformance,medium
15,NODE-1761,https://jira.mongodb.org/browse/NODE-1761,human,not_relevant,cmap,high,Mongos topology leaks pools on reconnect; CMAP cleanup issue.,Mongos topology leaks memory on server reconnect,"From the ticket:

{quote}

I have been battling some weird memory leaks in our apps, and have found out that the culprit seems to be the mongodb driver which doesn't handle the Pool teardown properly when running against Mongos proxies (and maybe Replicasets as well).

This is very easily reproducible by just connecting to a set of mongos proxies (2 in my case). At app start, a heapdump shows that there are two Pool instances when everything works. If I shut down network on the machine running the driver, after 30 seconds it will start eating memory like crazy and have thousands of Pool instances in the heap. This will go on indefinitely while you have a network outage, and even when you regain network connectivity, all of these instances remains and the app uses several hundred MB of RAM.

This was the snippet I used for testing:

 

{{// Simplest mongoDB connection app
const MongoClient = require('mongodb').MongoClient;

function heapDump() \{
    const mem = process.memoryUsage();
    console.log('%s, Memory usage: %f', new Date().toISOString(), mem.rss);
}

async function start() \{

	const client = await MongoClient.connect('mongodb://user:password@mongos1,mongos2/admin', {
		useNewUrlParser: true,
		ssl: true,
		haInterval: 10,
		bufferMaxEntries: 0,
	});
	const db = client.db(); 
}

start()
 .catch(err => console.error(err));
setInterval(heapDump, 1000);}}

The haInterval speeds things up, by default it increases with 2 Pools every 5 seconds, with this config it increases every 10 ms, making it more evident. The leak is still there.

Not sure why it takes 30 second for the pool increase to start, but I'm guessing that is the heartbeat timeout against the servers or something.

This was tested against mongodb@3.1.9, meaning mongodb-core@3.1.8, but I think it affect all 3.x versions (I've verified it in mongodb@3.1.4/mongo-core@3.1.3)

{quote}",NODE,Bug,Core,,,avoidable_by_spec_conformance,high
16,GODRIVER-743,https://jira.mongodb.org/browse/GODRIVER-743,human,driver_spec_nonconformance,crud,high,UpdateOne/UpdateMany silently erase fields with empty update; violates CRUD update validation spec.,UpdateOne and UpdateMany should return error when update parameter is of zero length,"The UpdateOne and UpdateMany methods do not ensure that the update parameter has at least one modifier. Update the {{ensureDollarKey}} method to return an error if there are no modifiers provided.

(original description below)
----
mongo.UpdateOne() erases all fields from a document matched by a filter when update interface is bson.D{} with zero length. That behavior is unwanted in my opinion (i've lost some data). Mongo shell acts differently (just returns an error 'the update operation document must contain at least one atomic operator'). I didn't check Update() and UpdateMany() but these ones may act the same as UpdateOne().",GODRIVER,Bug,CRUD,,,driver_spec_nonconformance,high
17,JAVA-4391,https://jira.mongodb.org/browse/JAVA-4391,human,not_relevant,auth,medium,GSSAPI authentication context name compatibility.,"Accept ""com.sun.security.jgss.initiate"" as a default login context name for GSSAPI","In the 4.2 release, we introduced a new feature for caching Kerberos tickets: JAVA-3836. One of the consequences of that work is that the driver now by default always creates the Subject instance itself instead of relying on the JDK to do so. The LoginContext is now configured [here|https://github.com/mongodb/mongo-java-driver/blob/r4.3.4/driver-core/src/main/com/mongodb/KerberosSubjectProvider.java#L62]. Note that the default is to use ""com.sun.security.jgss.krb5.initiate"" as the default login context name. In contrast, the JDK looks for both ""com.sun.security.jgss.krb5.initiate"" _and_ ""com.sun.security.jgss.initiate"" (for reasons I'm not sure of). You can find that code [here|https://github.com/openjdk/jdk/blob/jdk-17+35/src/java.security.jgss/share/classes/sun/security/jgss/LoginConfigImpl.java#L103-L107].

We should change the driver to also accept both login names.
",JAVA,Improvement,Security,,Documented:DOCSP-19773|Related:JAVA-3836|Related:JAVA-4389,driver_spec_nonconformance,medium
18,RUBY-2492,https://jira.mongodb.org/browse/RUBY-2492,human,test_infrastructure,sdam,high,Links to DRIVERS-1251; SDAM 500ms heartbeat delay spec test.,Test that clients wait 500ms between failed isMaster checks ,"    See DRIVERS-1251 for updated details.
    ",RUBY,Improvement,Spec Comp|Tests,,Issue split:DRIVERS-1251,cross_driver_inconsistency,high
19,CSHARP-4031,https://jira.mongodb.org/browse/CSHARP-4031,human,test_infrastructure,,low,mentions other driver,Update load balancer tests to support dedicated load balancer port,"This ticket was split from {{DRIVERS-1983}}, please see that ticket for a detailed description. ",CSHARP,Improvement,,size-xsmall,Issue split:DRIVERS-1983,cross_driver_inconsistency,low
20,CSHARP-1529,https://jira.mongodb.org/browse/CSHARP-1529,human,not_relevant,crud,low,"spec area bug, prevention unclear",MongoCollectionSettings.AssignIdOnInsert has no effect,"According to the MongoDB documentation: ""if the mongod receives a document to insert that does not contain an _id field, mongod will add the _id field that holds an ObjectId."" Currently it is not possible to use this feautre of the mongod server, because the above mentioning option is not considered by the driver and ObjectId is always generated on collection insert. 

Note: Legacy versions of the driver still support this feature. ",CSHARP,Bug,Operations,,,avoidable_by_spec_conformance,low
21,PHPC-2188,https://jira.mongodb.org/browse/PHPC-2188,human,not_relevant,csfle|auth,medium,Permit tlsDisableOCSPEndpointCheck in KMS TLS options; DRIVERS-2507,Permit tlsDisableOCSPEndpointCheck in KMS TLS options,"This ticket was split from {{DRIVERS-2507}}, please see that ticket for a detailed description. ",PHPC,Improvement,,,Issue split:DRIVERS-2507|Related:CDRIVER-4528,driver_spec_nonconformance,medium
22,JAVA-4339,https://jira.mongodb.org/browse/JAVA-4339,human,not_relevant,,medium,touches spec area,Evergreen: UnifiedCrudTest failures on latest,"{code}
com.mongodb.reactivestreams.client.unified.UnifiedCrudTest > shouldPassAllOutcomes[aggregate-out-readConcern: readConcern available with out stage] FAILED
[2021/10/08 20:45:46.616]     java.lang.AssertionError: The operation expects no error but an exception occurred
[2021/10/08 20:45:46.616]     Assertion Context:
[2021/10/08 20:45:46.616]     Completed Operation Context:
[2021/10/08 20:45:46.616]        Operation:
[2021/10/08 20:45:46.616]     {
[2021/10/08 20:45:46.616]       ""object"": ""collection_readConcern_available"",
[2021/10/08 20:45:46.616]       ""name"": ""aggregate"",
[2021/10/08 20:45:46.616]       ""arguments"": {
[2021/10/08 20:45:46.616]         ""pipeline"": [
[2021/10/08 20:45:46.616]           {
[2021/10/08 20:45:46.616]             ""$sort"": {
[2021/10/08 20:45:46.616]               ""x"": 1
[2021/10/08 20:45:46.616]             }
[2021/10/08 20:45:46.616]           },
[2021/10/08 20:45:46.616]           {
[2021/10/08 20:45:46.616]             ""$match"": {
[2021/10/08 20:45:46.616]               ""_id"": {
[2021/10/08 20:45:46.616]                 ""$gt"": 1
[2021/10/08 20:45:46.616]               }
[2021/10/08 20:45:46.616]             }
[2021/10/08 20:45:46.616]           },
[2021/10/08 20:45:46.616]           {
[2021/10/08 20:45:46.616]             ""$out"": ""other_test_collection""
[2021/10/08 20:45:46.616]           }
[2021/10/08 20:45:46.616]         ]
[2021/10/08 20:45:46.616]       }
[2021/10/08 20:45:46.616]     }
[2021/10/08 20:45:46.616]        Actual result:
[2021/10/08 20:45:46.616]     com.mongodb.MongoCommandException: Command failed with error 20 (IllegalOperation): 'PlanExecutor error during aggregation :: caused by :: failed while running command { internalRenameIfOptionsAndIndexesMatch: 1, from: ""crud-v2.tmp.agg_out.f356e94e-d6e1-48e0-9f16-9c6f6498368b"", to: ""crud-v2.other_test_collection"", collectionOptions: {}, indexes: [ { v: 2, key: { _id: 1 }, name: ""_id_"" } ], writeConcern: { w: ""majority"", wtimeout: 0, provenance: ""implicitDefault"" } } :: caused by :: Request sent without attaching database version' on server localhost:27017. The full response is {""ok"": 0.0, ""errmsg"": ""PlanExecutor error during aggregation :: caused by :: failed while running command { internalRenameIfOptionsAndIndexesMatch: 1, from: \""crud-v2.tmp.agg_out.f356e94e-d6e1-48e0-9f16-9c6f6498368b\"", to: \""crud-v2.other_test_collection\"", collectionOptions: {}, indexes: [ { v: 2, key: { _id: 1 }, name: \""_id_\"" } ], writeConcern: { w: \""majority\"", wtimeout: 0, provenance: \""implicitDefault\"" } } :: caused by :: Request sent without attaching database version"", ""code"": 20, ""codeName"": ""IllegalOperation"", ""$clusterTime"": {""clusterTime"": {""$timestamp"": {""t"": 1633725946, ""i"": 50}}, ""signature"": {""hash"": {""$binary"": {""base64"": ""XT5iQ3hoRX26inTWrEKaZBv66d4="", ""subType"": ""00""}}, ""keyId"": 7016795329693483017}}, ""operationTime"": {""$timestamp"": {""t"": 1633725946, ""i"": 49}}}
[2021/10/08 20:45:46.616]        Operation index: 0
{code}",JAVA,Bug,Test Failure,build-baron,Depends:SERVER-59924,driver_spec_nonconformance,medium
23,CXX-1540,https://jira.mongodb.org/browse/CXX-1540,human,not_relevant,,high,CMake GNUInstallDirs for installation paths; build infrastructure change.,Use CMake GNUInstallDirs to name installation paths,Per discussion here: https://github.com/mongodb/mongo-cxx-driver/pull/612#issuecomment-376990336,CXX,Improvement,Build,,Related:CDRIVER-2580,not_relevant,high
24,JAVA-3625,https://jira.mongodb.org/browse/JAVA-3625,human,test_infrastructure,,low,mentions spec or yaml in description,Update disabled change stream tests ,Change stream tests were disabled in JAVA-3624 because of failures in the latest server variant. SPEC-1505 will determine if these tests should be re-enabled or removed.,JAVA,Improvement,Test Coverage,,Gantt End to Start:SPEC-1505,driver_spec_nonconformance,low
25,CDRIVER-2017,https://jira.mongodb.org/browse/CDRIVER-2017,human,not_relevant,,medium,"Possible spec-related bug, needs deeper analysis","Inconsistent error reporting for insert, update, and replace BSON validation","The functions that append a write statement to the bulk (e.g. [{{mongoc_bulk_operation_insert()}}|https://github.com/mongodb/mongo-c-driver/blob/1.6.0/src/mongoc/mongoc-bulk-operation.c#L297], [{{mongoc_bulk_operation_replace_one()}}|https://github.com/mongodb/mongo-c-driver/blob/1.6.0/src/mongoc/mongoc-bulk-operation.c#L373]) inconsistently handle error reporting.

If we look at [{{mongoc_bulk_operation_insert()}}|https://github.com/mongodb/mongo-c-driver/blob/1.6.0/src/mongoc/mongoc-bulk-operation.c#L297], {{_mongoc_validate_new_document()}} is only called if a document is being appended to a newly initialized insert command, and even then the validation function's boolean return value is ignored and a potentially invalid document is still added to the command. Validation is never performed at all before appending to an existing insert command (i.e. {{_mongoc_write_command_insert_append()}}).

[{{mongoc_bulk_operation_replace_one()}}|https://github.com/mongodb/mongo-c-driver/blob/1.6.0/src/mongoc/mongoc-bulk-operation.c#L373] delegates to {{_mongoc_bulk_operation_replace_one_with_opts()}}, which starts with the following logic: 

{code}
if (bulk->result.error.domain) {
   /* already failed e.g. a bad call to mongoc_bulk_operation_insert */
   RETURN (true);
}
{code}

This logic prevents a later {{_mongoc_validate_replace()}} call from overwriting a previous error, which is good, but it effectively makes {{mongoc_bulk_operation_replace_one()}} a NOP with no way to indicate that to the user. It would be better to return false if there is a pre-existing error. Also, the insert and update paths are missing equivalent logic (i.e. NOP on a pre-existing error) entirely, which means they may overwrite a previous error.",CDRIVER,Bug,libmongoc,,Related:CDRIVER-2018|Related:HHVM-227|Related:PHPC-712|Related:CDRIVER-1341,avoidable_by_spec_conformance,medium
26,CSHARP-3919,https://jira.mongodb.org/browse/CSHARP-3919,human,not_relevant,,low,mentions other driver,Drivers should retry operations if connection handshake fails,"This ticket was split from DRIVERS-746, please see that ticket for a detailed description. ",CSHARP,Bug,,size-small,Issue split:DRIVERS-746,cross_driver_inconsistency,low
27,CSHARP-1016,https://jira.mongodb.org/browse/CSHARP-1016,human,not_relevant,,high,Packaging/build/doc/internal refactor,LINQ driver does not support nested paging (i.e. take/skip).,"I am hosting a RESTful Web API service using OData v4.  When attempting to perform the following query:

https://127.0.0.1:444/QA/main/Graphs/Items?$expand=Attributes&$skip=672

we see the following error:

""Skip and Take may only be used in conjunction with each other and cannot be separated by other operations.""

The previously specified OData query results in paging on both the entity set for 'Items' and the contained entity set 'Attributes' because we have a page size set of 672 also, which results in a take being applied to the expression over the Attributes entity set.

For example, here is the expression that fails:

+		_expression	{value(MongoDB.Driver.Linq.MongoQueryable`1[SE.OIP.DFL.Domain.Entities.Graphs.Item]).Where(o => ((o.Tenant == value(SE.OIP.DFL.Data.Repository.Mongo.Graphs.ItemsMongoRepository).tenant) AndAlso (o.Storage == value(SE.OIP.DFL.Data.Repository.Mongo.Graphs.ItemsMongoRepository).storage))).OfType().OrderBy($it => $it.InstanceId).Skip(value(System.Web.OData.Query.Expressions.LinqParameterContainer+TypedLinqParameterContainer`1[System.Int32]).TypedProperty).Select(Param_0 => new SelectAllAndExpand`1() {ModelID = ""1ca23847-7ec1-49d4-898f-49e8dfe03a24"", Instance = Param_0, Container = new CollectionExpandedProperty`1() {Name = ""Attributes"", Collection = Param_0.Attributes.Take(value(System.Web.OData.Query.Expressions.LinqParameterContainer+TypedLinqParameterContainer`1[System.Int32]).TypedProperty).Select(Param_1 => new SelectAll`1() {ModelID = ""1ca23847-7ec1-49d4-898f-49e8dfe03a24"", Instance = Param_1}), PageSize = 672}})}	System.Linq.Expressions.Expression {System.Linq.Expressions.MethodCallExpressionN}

This fails when it attempts to translate 'take' and the previous expression is 'select', resulting in the exception.",CSHARP,Improvement,LINQ,,,not_relevant,high
28,RUBY-1411,https://jira.mongodb.org/browse/RUBY-1411,human,not_relevant,,medium,No clear specification or cross-driver conformance signal.,Bson::Document#fetch does not work with symbols,"When using #fetch method to retrieve a value of a Bson::Document with a symbol, an error is raised telling that the key was not found, but when using #[] with symbol it works.
{code:java}
irb(main):041:0> doc
=> {""name""=>""Joe"", ""age""=>33}
irb(main):042:0> doc[:name]
=> ""Joe""
irb(main):043:0> doc.fetch('name')
=> ""Joe""
irb(main):044:0> doc.fetch(:name)
Traceback (most recent call last):
 3: from /Users/jmolina/.rbenv/versions/2.5.1/bin/irb:11:in `<main>'
 2: from (irb):44
 1: from (irb):44:in `fetch'
KeyError (key not found: :name){code}
Because of this restriction, we cannot use #fetch in our classes to protect us from having nil values, instead we will have to check every key and return an error if it does not exists.",RUBY,Bug,BSON,,Problem/Incident:RUBY-1677,not_relevant,medium
29,CSHARP-2506,https://jira.mongodb.org/browse/CSHARP-2506,human,not_relevant,,low,No spec conformance or cross-driver issue detected.,Reduce allocations in BsonClassMapSerializer.SerializeClass,"BsonClassMapSerializer.SerializeClass ([https://github.com/mongodb/mongo-csharp-driver/blob/dc2dbb5ff06fdea80b44a8c2295e542f166ccb16/src/MongoDB.Bson/Serialization/Serializers/BsonClassMapSerializer.cs#L579])

calls .ToList() unconditionally like this:
{code:java}
var remainingMemberMaps = _classMap.AllMemberMaps.ToList();{code}
This call can easily be avoided by moving the if check at [https://github.com/mongodb/mongo-csharp-driver/blob/dc2dbb5ff06fdea80b44a8c2295e542f166ccb16/src/MongoDB.Bson/Serialization/Serializers/BsonClassMapSerializer.cs#L584] into the loop at [https://github.com/mongodb/mongo-csharp-driver/blob/dc2dbb5ff06fdea80b44a8c2295e542f166ccb16/src/MongoDB.Bson/Serialization/Serializers/BsonClassMapSerializer.cs#L602]

This helps to reduce allocations which can get substantial as shown by the following profiler output of the serialization of 2m+ complex documents:

!image-2019-02-06-14-11-21-179.png!",CSHARP,Improvement,Serialization,devexp-product|performance,,not_relevant,low
30,RUBY-3037,https://jira.mongodb.org/browse/RUBY-3037,human,not_relevant,index-management,high,References another driver,Add index option wildcard_projection,"Mongo Ruby Driver is missing index alias option ""wildcard_projection"" for ""wildcardProjection""

Refer to: mongodb.com/docs/manual/core/index-wildcard/

Related to https://jira.mongodb.org/browse/MONGOID-5388",RUBY,Improvement,,,,cross_driver_inconsistency,high
31,NODE-410,https://jira.mongodb.org/browse/NODE-410,human,not_relevant,,low,Insufficient detail to classify.,'error' event is not triggered on pipe error,"When doing a pipe on cursor with an error in query, there is no way to know about this error, even if you are subscribed to 'error' event on cursor. Instead, a runtime error is thrown with the following stacktrace:

{noformat}
Error: Cannot switch to old mode now.
    at emitDataEvents (_stream_readable.js:730:11)
    at Readable.pause (_stream_readable.js:721:3)
    at Cursor.destroy (/home/weekens/workspace/saymon/backend/server/node_modules/mongodb/lib/cursor.js:697:8)
    at /home/weekens/workspace/saymon/backend/server/node_modules/mongodb/lib/cursor.js:735:31
    at handleCallback (/home/weekens/workspace/saymon/backend/server/node_modules/mongodb/lib/utils.js:95:12)
    at /home/weekens/workspace/saymon/backend/server/node_modules/mongodb/lib/cursor.js:419:20
    at handleCallback (/home/weekens/workspace/saymon/backend/server/node_modules/mongodb/node_modules/mongodb-core/lib/cursor.js:234:5)
    at /home/weekens/workspace/saymon/backend/server/node_modules/mongodb/node_modules/mongodb-core/lib/cursor.js:535:22
    at queryCallback (/home/weekens/workspace/saymon/backend/server/node_modules/mongodb/node_modules/mongodb-core/lib/cursor.js:170:14)
    at b (domain.js:183:18)
{noformat}

This also concerns any error, that can happen during diver<->DB communication. Query error is only for the sake of simplicity.

Sample code to reproduce the problem:

{code:javascript}
var cursor = mongoDb.collection('myCollection').find({
  timestamp: { $ltx: request.params.maxTimestamp } // Error in query.
});

cursor.on('error', function(err) {
  log.error('DB query failed:' + err);

  next(err);
});

cursor.pipe(response); // Runtime error is thrown, 'error' event is not triggered.
{code}

Wasn't tested on Node v0.12, but _stream_readable.js code in Node v0.12 contains the same error condition, so, the problem is likely to reproduce in Node v0.12 as well.",NODE,Bug,,external-user,,not_relevant,low
32,JAVA-3530,https://jira.mongodb.org/browse/JAVA-3530,human,not_relevant,bson,low,Spec area: bson.,Getting started page should emphasis that codec registry order is important,"The example in [Creating a Custom CodecRegistry|http://mongodb.github.io/mongo-java-driver/3.11/driver/getting-started/quick-start-pojo/#creating-a-custom-codecregistry] doesn't highlight that the order of the registries is important, although the [Javadoc|https://api.mongodb.com/java/3.2/?org/bson/codecs/configuration/CodecRegistries.html] does.

I suggest we add a little note under the example to bring attention to this.",JAVA,Improvement,,,,driver_spec_nonconformance,low
33,PERL-528,https://jira.mongodb.org/browse/PERL-528,human,driver_spec_nonconformance,bson,medium,Regex flag handling.,Add support for serializing 'u' and 'l' regex flags,"Native perl regexes support 'u' and 'l', but the driver will drop them on serialization.",PERL,Bug,Perl driver,,,driver_spec_nonconformance,medium
34,RUBY-1032,https://jira.mongodb.org/browse/RUBY-1032,human,not_relevant,,low,Insufficient detail for classification.,BSON::Document doesn't assign or merge! quite like a Hash,"I've found this bug through an issue I'm having with Mongoid, so I'm not 100% sure if this is an issue with BSON, or that Mongoid is using it wrong.

Consider the following code:
{code:example.rb}
attributes = BSON::Document.new
attributes[""test""] = nil
(attributes[""test""] ||= {}).merge!({""test"" => ""test})
# You'd expect attributes[""test""] to be {""test"" => ""test""} 
# here, but it's actually {}
{code}

The last line is found in Mongoid here: https://github.com/mongodb/mongoid/blob/master/lib/mongoid/attributes.rb#L179 and (I think) is the result is causing issues like this: http://stackoverflow.com/questions/29899935/mongoid-localized-field-not-being-set-in-first-form-submission

It works fine if you make {{attributes}} a Hash instead, so I presume it's something the way {{||=}} or {{merge!}} are implemented in BSON::Document?

Writing my example differently, e.g.
{code:example.rb}
attributes = BSON::Document.new
attributes[""test""] = nil
attributes[""test""] ||= {}
attributes[""test""].merge!({""test"" => ""test})
{code}

also works as expected.",RUBY,Bug,BSON,,Related:MONGOID-4054,driver_spec_nonconformance,low
35,CSHARP-3757,https://jira.mongodb.org/browse/CSHARP-3757,human,not_relevant,retryable-reads|retryable-writes,high,"Direct retries to another mongos; DRIVERS-1571, retryability spec.",Direct read/write retries to another mongos if possible,"{html}
  <div id=""script-target-wrapper"">
    <br>
    <b>DRIVERS Ticket Description</b>
    <div id=""lang-script-target"">
      <!-- This block of HTML and the script in it auto-populate the      DRIVERS ticket description on page load. -->
      Script Target - If you can read this text, the script has failed
      <script>
        $.get('https://jira.mongodb.org/browse/DRIVERS-1571',
          function(data) {
            var description = $(data).find(""#description-val"");
            $(""#lang-script-target"").html(description);
        });
      </script>
    </div>
  </div>
{html}",CSHARP,Improvement,Retryability,,Gantt End to End:CSHARP-4958|Issue split:DRIVERS-1571,avoidable_by_spec_conformance,high
36,JAVA-5130,https://jira.mongodb.org/browse/JAVA-5130,human,not_relevant,,high,"Test infrastructure for Atlas cluster setup, not spec-related.","Atlas cluster setup script should create a unique cluster per-invocation, not per commit","This ticket was split from {{DRIVERS-2710}}, please see that ticket for a detailed description. ",JAVA,Improvement,,,Issue split:DRIVERS-2710,not_relevant,high
37,RUBY-2609,https://jira.mongodb.org/browse/RUBY-2609,human,not_relevant,cmap,high,Links to DRIVERS-1692; TCP_USER_TIMEOUT connection pool spec requirement.,Enable TCP_USER_TIMEOUT by default when possible,"
{html}
    <div id=""script-target-wrapper"">
        <br>
        <b>DRIVERS Ticket Description</b>
        <div id=""lang-script-target"">
            <!-- This block of HTML and the script in it auto-populate the DRIVERS ticket description on page load. -->
            Script Target - If you can read this text, the script has failed
            <script>
                $.get('https://jira.mongodb.org/browse/DRIVERS-1692', function(data) {
                    var description = $(data).find(""#description-val"");
                    $(""#lang-script-target"").html(description);
                });
            </script>
        </div>
    </div>
{html}
",RUBY,Improvement,Spec Comp,,Issue split:DRIVERS-1692,avoidable_by_spec_conformance,high
38,CDRIVER-901,https://jira.mongodb.org/browse/CDRIVER-901,human,driver_spec_nonconformance,write-concern,medium,Bug in spec area bson,_mongoc_write_result_complete() does not populate bson_error_t from write concern errors,"With CDRIVER-710, {{mongoc_write_result_t}} now stores an array of {{writeConcernErrors}}. As I was updating PHPC for this API change, I traced how write concern errors are reported, since we need to turn those {{bson_error_t}} output variables into exceptions.

I traced the logic from {{mongoc_bulk_operation_execute()}} through to {{_mongoc_write_result_complete()}} and it appears that the {{bson_error_t}} is only ever set from write errors; however, the function may still return false for either {{!result->failed}} or {{bson_empty0 (&result->writeConcernErrors)}} (which is equivalent to checking for a non-zero {{result.n_writeConcernErrors}} value).

I can't speak for the {{!result->failed}} case, but I believe we want to integrate [mongos' write concern error merging logic|https://github.com/mongodb/mongo/blob/r3.1.8/src/mongo/s/write_ops/batch_write_op.cpp#L754-l776] here, which I would otherwise need to do in PHPC-434 and HHVM-112.",CDRIVER,Bug,libmongoc,,Depends:HHVM-112|Depends:PHPC-434|Related:CDRIVER-710|Related:SPEC-340,avoidable_by_spec_conformance,medium
39,CDRIVER-1891,https://jira.mongodb.org/browse/CDRIVER-1891,human,not_relevant,bson,medium,Component bug in spec area,leaks in test_bson_integer_width,https://evergreen.mongodb.com/task/libbson_releng_debug_compile_valgrind_d530b4b0ebe66e7acd97d48b81dda6c00fa4648e_16_10_28_18_23_07,CDRIVER,Bug,libbson|Testing,,,avoidable_by_spec_conformance,medium
40,PHPC-1359,https://jira.mongodb.org/browse/PHPC-1359,human,not_relevant,transactions,high,Transactions spec requires error for sharded on 4.2.,Ensure 4.0 drivers return an error when attempting sharded transactions on 4.2,See DRIVERS-624 for details.,PHPC,Improvement,,,Depends:DRIVERS-624|Related:PHPC-1393|Related:CDRIVER-3067,driver_spec_nonconformance,high
41,JAVA-5486,https://jira.mongodb.org/browse/JAVA-5486,human,not_relevant,auth|connection-string,high,DRIVERS-2915 disallow comma in authMechanismProperties,Disallow comma character in authMechanismProperties connection string value,"This ticket was split from {{DRIVERS-2915}}, please see that ticket for a detailed description. ",JAVA,Bug,Authentication,,Documented:DOCSP-40348|Issue split:DRIVERS-2915,driver_spec_nonconformance,high
42,RUBY-1409,https://jira.mongodb.org/browse/RUBY-1409,human,not_relevant,,medium,No clear specification or cross-driver conformance signal.,Document jruby support - driver,,RUBY,Improvement,Docs,,Depends:RUBY-1368,not_relevant,medium
43,PHPC-522,https://jira.mongodb.org/browse/PHPC-522,human,not_relevant,bson,medium,Bug in spec-covered bson.,make coveralls fails for PHP 7 builds on Travis CI,"See: https://travis-ci.org/mongodb/mongo-php-driver/jobs/97716867#L2139 (built for [PR #175|https://github.com/mongodb/mongo-php-driver/pull/175#issuecomment-165878968]).

{noformat}
Traceback (most recent call last):
  File ""/usr/local/bin/coveralls"", line 9, in <module>
    load_entry_point('cpp-coveralls==0.3.10', 'console_scripts', 'coveralls')()
  File ""/usr/local/lib/python2.7/dist-packages/cpp_coveralls/__init__.py"", line 96, in run
    cov_report = coverage.collect(args)
  File ""/usr/local/lib/python2.7/dist-packages/cpp_coveralls/coverage.py"", line 378, in collect
    with io.open(source_file_path, mode='rb') as src_file:
IOError: [Errno 2] No such file or directory: '/home/travis/build/mongodb/mongo-php-driver/src/BSON/php_phongo_structs-7.h'
make: *** [coveralls] Error 1
{noformat}",PHPC,Bug,,,,avoidable_by_spec_conformance,medium
44,CSHARP-3061,https://jira.mongodb.org/browse/CSHARP-3061,human,spec_ambiguity_or_gap,,low,References another driver; insufficient detail to classify further.,Clarify how a driver must handle wrong set name in single topology,"    h4. Description of Drivers Ticket:
    The SDAM specification allows specifying replica set name in single topology (https://github.com/mongodb/specifications/blob/master/source/server-discovery-and-monitoring/server-discovery-and-monitoring.rst#initial-setname). If this is done, the set name specified by the application must match the set name reported by the deployment. https://github.com/mongodb/specifications/blob/master/source/server-discovery-and-monitoring/server-discovery-and-monitoring.rst#verifying-setname-with-topologytype-single says:

> A client MAY allow the user to supply a setName with an initial TopologyType of Single. In this case, if the ServerDescription's setName is null or wrong, the client MUST throw an error on every operation.

The Ruby driver satisfies this requirement by checking setName during server selection if the deployment is in single topology. However the prescribed server selection procedure in single topology (https://github.com/mongodb/specifications/blob/master/source/server-selection/server-selection.rst#topology-type-single) does not mention such a check.

In order to improve consistency in how different drivers handle wrong setName when in single topology, either the SDAM or server selection specifications could either recommend or mandate a specific procedure that the drivers must follow when the set name of the deployment does not match the expected set name.
    See DRIVERS-980 for updated details.
    ",CSHARP,Improvement,,,Depends:CSHARP-2962|Depends:DRIVERS-980,cross_driver_inconsistency,low
45,PHPC-1683,https://jira.mongodb.org/browse/PHPC-1683,human,driver_spec_nonconformance,crud|retryable-writes|write-concern,medium,Component bug in crud area,Collect error labels from writeConcernErrors in libmongoc bulk write replies,"DRIVERS-1396 introduced a retryable writes spec test that adds an error label to a write concern error _and_ exposes the error to the test runner (since times:2 overcomes the first retry attempt). This resulted in a PHPLIB test failure because error labels within {{writeConcernErrors}} of libmongoc's bulk write reply are never collected by {{phongo_exception_add_error_labels}}.

libmongoc may be unique among drivers in that it reports all write concern errors in an array (CDRIVER-710) instead of a consolidated {{writeConcernError}} field described in the CRUD spec. This is a separate issue related to DRIVERS-1396.",PHPC,Bug,,,Depends:PHPLIB-585|Related:CDRIVER-710|Related:DRIVERS-1396,avoidable_by_spec_conformance,medium
46,GODRIVER-1905,https://jira.mongodb.org/browse/GODRIVER-1905,human,spec_ambiguity_or_gap,,high,references another driver or cross-driver inconsistency,Provide explicit guidance on handling command errors that occur before the handshake completes during operation execution,"{html}
    <div id=""script-target-wrapper"">
        <br>
        <b>DRIVERS Ticket Description</b>
        <div id=""lang-script-target"">
            <!-- This block of HTML and the script in it auto-populate the DRIVERS ticket description on page load. -->
            Script Target - If you can read this text, the script has failed
            <script>
                $.get('https://jira.mongodb.org/browse/DRIVERS-1476', function(data) {
                    var description = $(data).find(""#description-val"");
                    $(""#lang-script-target"").html(description);
                });
            </script>
        </div>
    </div>
{html}
",GODRIVER,Improvement,,,Depends:GODRIVER-1827|Issue split:DRIVERS-1476|Related:GODRIVER-2165,cross_driver_inconsistency,high
47,RUBY-1002,https://jira.mongodb.org/browse/RUBY-1002,human,not_relevant,,low,Insufficient detail for classification.,slave_ok is no longer logged by the Ruby Driver,"Sometime in the last few weeks, something changed and slave_ok no longer gets logged when doing secondary reads. I haven't had time to figure out which commit caused it, but somewhere between 739ca3905ef107c5731edd3d9b93ea3a87e4ab31 and HEAD.

{code}
MyModel.with(:read => {:mode => :secondary_preferred}).count
D, [2015-08-17T18:31:02.695249 #72908] DEBUG -- : MONGODB | localhost:27017 | appboy_development.count | STARTED | {""count""=>""my_models"", ""query""=>{}}
{code}",RUBY,Bug,,,,driver_spec_nonconformance,low
48,GODRIVER-2243,https://jira.mongodb.org/browse/GODRIVER-2243,human,driver_spec_nonconformance,,high,references another driver or cross-driver inconsistency,IndexView.CreateMany should wrap driver.ErrUnacknowledgedWrite,"If I create an index like so:
{code:java}
iv := db.Collection(""foo"", options.Collection().SetWriteConcern(writeconcern.New(writeconcern.W(0)))).Indexes()
_, err := iv.CreateOne(context.TODO(), mongo.IndexModel{Keys: bson.D{{Key: ""user_id"", Value: 1}}})
{code}
I get back the error go.mongodb.org/mongo-driver/x/mongo/driver.ErrUnacknowledgedWrite. This should presumably be mongo.ErrUnacknowledgedWrite! Other operations that return this call processWriteErr() to transform it, but it's missing from IndexView.CreateMany().",GODRIVER,Bug,,,,cross_driver_inconsistency,high
49,RUBY-2326,https://jira.mongodb.org/browse/RUBY-2326,human,not_relevant,cursors,high,Cursor reaper should track cursor ids per spec requirement,Redo cursor reaper to track cursor ids,"Currently cursor reaper stores killCursors operation specifications which are composed when cursors are created based on the server's support of find command at that time. Instead the reaper should track cursor ids and compose the operations when cursors are actually being killed based on the properties of the connection obtained for the kill operation.

This work is also a prerequisite for repairing the intermittent failures in the cursor reaping integration test.",RUBY,Improvement,,no-changelog,Related:RUBY-2110|Related:RUBY-2220,avoidable_by_spec_conformance,high
50,GODRIVER-536,https://jira.mongodb.org/browse/GODRIVER-536,human,not_relevant,,low,Insufficient detail or tangential to specs.,Upgrade to Go 1.11,"Update Evergreen to run on Go 1.11 and update documentation. We additionally need to determine what should be tested in the Evergreen for each version, since we'll need to support at least Go 1.10 and Go 1.11.",GODRIVER,Improvement,,,,not_relevant,low
51,JAVA-5507,https://jira.mongodb.org/browse/JAVA-5507,human,not_relevant,auth|auth-scram,medium,Involves connection-string,SCRAM-SHA-256 looks to be not FIPS compliant,"h4. Summary

The [https://www.mongodb.com/docs/manual/core/security-scram/#std-label-authentication-scram] page states that SCRAM-SHA-256 can be used in the FIPS mode.

At the same time looking into mongo-java-driver: [https://github.com/mongodb/mongo-java-driver/blob/98934ddc52efa48e7e3b41339e57ff4c8dc89322/driver-core/src/main/com/mongodb/internal/connection/ScramShaAuthenticator.java#L258|https://github.com/mongodb/mongo-java-driver/blob/98934ddc52efa48e7e3b41339e57ff4c8dc89322/driver-core/src/main/com/mongodb/internal/connection/ScramShaAuthenticator.java#L249]

it looks that:
{code:java}
private byte[] hi(final byte[] password, final byte[] salt, final int iterations) throws SaslException
{code}
is kind of key derivation function implementation. While SHA-256 is OK, still the problem is that imho any crypto/key derivation should be done via FIPS validated/certified crypto module, so for example PBKDF2 with Bouncy Castle FIPS via JCA.

So, any crypto implemented outside of the certified module makes the code not FIPS compliant and SCRAM-SHA-256 should not be available in the FIPS mode, at least with that driver in the current form.
h4. Additional Background

[https://csrc.nist.gov/pubs/sp/800/132/final|https://csrc.nist.gov/pubs/sp/800/132/final_]",JAVA,Improvement,Authentication,,Documented:DOCSP-41474|Duplicate:JAVA-5534|Related:DRIVERS-2931,cross_driver_inconsistency,medium
52,JAVA-6101,https://jira.mongodb.org/browse/JAVA-6101,human,not_relevant,,high,RawBsonDocument serialization performance regression in 5.5.,RawBsonDocument serialization regression introduced in 5.5,"h4. Summary

Mongot is currently using the mongodb-driver-sync:4.11.5  and does a lot a manipulation of RawBsonDocuments when materializing its result sets. We rely on the fact that serializing a RawBsonDocument is a simple, efficient array copy. When upgrading the mongodb-driver-sync to 5.5.3, we see several performance tests showing >100% regressions in E2E latency.

 

Version 5.5.1 without patch vs Baseline 4.11.5:

[https://performance-analyzer.server-tig.prod.corp.mongodb.com/perf-analyzer-viz/?comparison_id=698cc5e65ae6ba72cd67632b]

 

Version 5.5.1 with patch vs Baseline 4.11.5: [https://performance-analyzer.server-tig.prod.corp.mongodb.com/perf-analyzer-viz/?comparison_id=698d00816295f61738b0357c&selected_tab=scatter-plots&percent_filter=0%7C%7C100&z_filter=0%7C%7C10&filter_type=Default]

 

Disclaimer: The following Root Cause Analysis was identified by AI, but we verified its proposed workaround resolved the observed regressions.

It seems that [https://github.com/mongodb/mongo-java-driver/pull/1632|https://github.com/mongodb/mongo-java-driver/pull/1632/changes] changed BsonDocumentCodec to lookup Codecs by BsonType rather than by `getClass()`. This is problematic because BsonDocument and RawBsonDocument share a BsonType but require different handling. In the new implementation RawBsonDocuments are serialized by iterating over their values, deserializing them, and reserializing them. This results in several perf tests showing >100% increase in E2E latencies.

 
h4. How to Reproduce

Create a BsonDocument that contains a BsonArray of 100,000 small RawBsonDocuments and serialize the object to a byte[].

 

This is the fix suggested by Cursor. Please let us know if we can do something better.
{code:java}
/**
 * Creates a {@link BsonDocumentCodec} backed by a {@link CodecRegistry} that provides {@link
 * RawBsonDocumentAwareBsonDocumentCodec} for {@code BsonDocument.class}. Because the codec's
 * internal {@code BsonTypeCodecMap} resolves the codec for {@code BsonType.DOCUMENT} from the
 * registry (keyed by {@code BsonDocument.class}), this ensures our override is used for ALL
 * nested document values — including {@link RawBsonDocument} instances inside arrays and
 * sub-documents.
 */
private static BsonDocumentCodec createOptimizedCodec() {
  // A provider that returns our RawBsonDocument-aware codec for BsonDocument.class, delegating
  // everything else to the standard BsonValueCodecProvider.
  CodecProvider optimizedProvider =
      new CodecProvider() {
        private final BsonValueCodecProvider delegate = new BsonValueCodecProvider();

        @Override
        @SuppressWarnings(""unchecked"")
        public <T> Codec<T> get(Class<T> clazz, CodecRegistry registry) {
          if (clazz == BsonDocument.class) {
            return (Codec<T>) new RawBsonDocumentAwareBsonDocumentCodec(registry);
          }
          return delegate.get(clazz, registry);
        }
      };
  CodecRegistry registry = CodecRegistries.fromProviders(optimizedProvider);
  return new RawBsonDocumentAwareBsonDocumentCodec(registry);
}

/**
 * A {@link BsonDocumentCodec} subclass that restores the BSON 4.x behavior of encoding {@link
 * RawBsonDocument} values by piping their raw bytes directly, rather than decoding and
 * re-encoding each field.
 *
 * <p>In driver 5.x, {@link BsonDocumentCodec} resolves child codecs via a {@code
 * BsonTypeCodecMap} keyed by {@code BsonType}, so a {@link RawBsonDocument} (which has
 * BsonType.DOCUMENT) gets the generic {@link BsonDocumentCodec} codec. That codec calls {@code
 * RawBsonDocument.entrySet()} which lazily decodes the raw bytes, then re-encodes every field —
 * an O(fields) decode+encode instead of an O(bytes) memcpy.
 *
 * <p>This class overrides {@code encode()} to detect {@link RawBsonDocument} and use pipe-based
 * byte copying. Because it is registered in the codec registry as the codec for {@code
 * BsonDocument.class}, the internal {@code BsonTypeCodecMap} maps {@code BsonType.DOCUMENT} to
 * this codec, so the optimization applies recursively to all nested document values.
 */
static final class RawBsonDocumentAwareBsonDocumentCodec extends BsonDocumentCodec {
  private static final RawBsonDocumentCodec RAW_CODEC = new RawBsonDocumentCodec();

  RawBsonDocumentAwareBsonDocumentCodec(CodecRegistry registry) {
    super(registry);
  }

  @Override
  public void encode(BsonWriter writer, BsonDocument document, EncoderContext encoderContext) {
    if (document instanceof RawBsonDocument rawDoc) {
      // Delegate to RawBsonDocumentCodec which pipes the raw bytes directly.
      RAW_CODEC.encode(writer, rawDoc, encoderContext);
    } else {
      super.encode(writer, document, encoderContext);
    }
  }
} {code}",JAVA,Bug,Codecs,,,driver_spec_nonconformance,high
53,CSHARP-1582,https://jira.mongodb.org/browse/CSHARP-1582,human,not_relevant,crud,low,"spec area bug, prevention unclear","Linq queries are getting the right result, but hydrates more elements than expected.","Hi all,

Using c# driver through Linq expressions, we've noticed that many objects are hydrated when using AsQueryable() + Linq expresion even though the query returns one result.

...
var collection = _mongoDatabase.GetCollection<User>(""Users"");
var usersFound = collection.AsQueryable().Where(x => x.UserName == ""John Doe"");
...

By the other hand, if we use Eq method, the behavior is the expected: there is only one object hydrated.

...
var filter = Builders<User>.Filter.Eq(""UserName"", ""John Doe"");
var usersFound = collection.Find(filter);
...

Is that te implemented behaviour of the driver using Linq?

Many thanks!",CSHARP,Improvement,API|Performance,,,avoidable_by_spec_conformance,low
54,NODE-2271,https://jira.mongodb.org/browse/NODE-2271,human,driver_spec_nonconformance,,medium,Mentions other driver project in links or text.,watch API changeStream not notified of closed connection ,"I have been monitoring a peek-a-boo issue on servers that are relying on `db.watch` API. After an arbitrary period of time the `changeStream` will stop receiving events and none of the following events are fired [ever]:

{code}
const changeStream = db.watch()
...
changeStream.on('error', event => ...)
changeStream.on('end', event => ...)
changeStream.on('close', event => ...)
{code}

Until recently, I did not have _any_ logs to correlate the reason for the {{changeStream}} to stop receiving events so I attempted a band-aid fix arbitrary ""disconnects"" with:

{code}
setInterval(() => {
  if (changeStream.isClosed())
    throw new Error('changeStream is closed')
}, 60000)
{code}

When the {{changeStream}} has stopped receiving events, the above interval call to {{changeStream.isClosed()}} is still returning {{false}} (thinking the changeStream is still open). 

I discovered (through the help of Sentry error logging) that another server (API web-service) has received this error roughly at the time of the last event received on the above {{changeStream}}:

{code}
MongoTimeoutError: Server selection timed out after 30000 ms
 File ""/srv/ws-core/node_modules/mongodb/lib/core/sdam/topology.js"", line 798, col 7, in selectServers
 new MongoTimeoutError(`Server selection timed out after ${timeout} ms`),
 File ""/srv/ws-core/node_modules/mongodb/lib/core/sdam/topology.js"", line 872, col 7, in NativeTopology.descriptionChangedHandler
 selectServers(topology, selector, timeout, start, callback);
 File ""events.js"", line 277, col 13, in Object.onceWrapper
 File ""events.js"", line 194, col 15, in NativeTopology.emit
 File ""domain.js"", line 441, col 20, in NativeTopology.EventEmitter.emit
 File ""/srv/ws-core/node_modules/mongodb/lib/core/sdam/topology.js"", line 524, col 10, in NativeTopology.serverUpdateHandler
 this.emit(
 File ""events.js"", line 189, col 13, in Server.emit
 File ""domain.js"", line 441, col 20, in Server.EventEmitter.emit
 File ""/srv/ws-core/node_modules/mongodb/lib/core/sdam/monitoring.js"", line 182, col 12, in successHandler
 server.emit('descriptionReceived', new ServerDescription(server.description.address, isMaster));
 File ""/srv/ws-core/node_modules/mongodb/lib/core/sdam/monitoring.js"", line 195, col 7, in checkServer
 successHandler(isMaster);
{code}

Because of the business critical logic, this stoppage in changeStream events is recognized within a few hours triggering investigation into _why_ - it has always resulted in the requirement to restart the Node.js app that is creating the {{changeStream}}.

*Expected Behavior*
 # I expect an event (`error`, `close`, `timeout`, etc) to be fired when a changeStream is no longer ""connected"".
 # I expect `changeStream.isClosed()` to be accurate every time it is called.",NODE,Bug,,external-user,,cross_driver_inconsistency,medium
55,CDRIVER-2545,https://jira.mongodb.org/browse/CDRIVER-2545,human,not_relevant,,high,"Contains ""build"" keyword; build/doc/packaging related.",Make Secure Transport the default on macOS and SChannel the default on Windows,"Before, I was afraid to break compatibility for people accustomed to our build systems' default behavior: build with OpenSSL if possible, even on macOS where a better alternative is always available. There's growing pressure to require TLS 1.1, however, which isn't supported by the OpenSSLs that old macOS shipped. Let's switch the default in the CMake build system and make Secure Transport the default on macOS.",CDRIVER,Improvement,Build|tls,,Duplicate:CDRIVER-1121|Related:PHPC-1156,not_relevant,high
56,RUBY-2783,https://jira.mongodb.org/browse/RUBY-2783,human,not_relevant,bson,medium,references another driver,"Return a String without ""$oid"" from BSON::ObjectId#as_json and #to_json ","### The Change

Currently, `BSON::ObjectId#as_json` will return `\{ ""$oid"" => ""03d623ca58edf9046e207565"" }`

This PR does what 99% of users prefer: return a plain String `""03d623ca58edf9046e207565""`

I've included a ""Breaking change"" notice in the docs for this.

### Why

While `$oid` may be the correct way to represent an ObjectID in strict ""BSON"", it is not a practical way to represent an ObjectID in ""JSON"" as used in real world apps. The standard use case for JSON (`.as_json` method) is **to serialize objects for HTTP APIs**. The primary goal of Mongoid is for us as developers not to have to worry about BSON internal representations; instead we think in terms of the Ruby app domain. (Mongoid / Mongo Ruby Driver handles the BSON nuts-and-bolts for us.)

### Other Ideas

We could also add `BSON::ObjectId#as_bson` and `Object#as_bson` (which delegates to `.as_json` in all cases except `ObjectId`.) I don't think it's particularly useful, but I'd be happy to implement it if the Mongo team would like. (We'd probably want to call `mongoize` or `evolve` as well...)

### More Background

The current behavior drives Rails users absolutely crazy as you can see in the following issues, and **nearly everyone ends up monkey-patching this method** after hours of debugging frustration. Here are some a few examples out of hundreds:
- https://medium.com/aviabird/mongoid-how-to-serialize-to-json-with-a-string-id-attribute-2d5c1bc284a7
- https://stackoverflow.com/questions/23505247/have-to-json-return-a-mongoid-as-a-string
- https://stackoverflow.com/questions/18646223/ruby-model-output-id-as-object-oid
- https://github.com/nesquena/rabl/issues/337

Incidentally, Mongoid 3.1 and earlier used to serialize this as a String; when it changed to `$oid` it broke my and many other users apps--this unexpected behavior causes lots of bugs.",RUBY,Improvement,BSON,,Related:MONGOID-5162|Related:MONGOID-5234|Related:RUBY-2810,cross_driver_inconsistency,medium
57,NODE-2977,https://jira.mongodb.org/browse/NODE-2977,human,driver_spec_nonconformance,connection-string,high,Windows path parsing bug in connection string tlsCAFile option.,Query parameters with path in connection string not working on windows,"h3. Problem Description

Some of the query parameters in a connection string allow a file path to be specified, e.g. the {{tlsCAFile}} option, that will be resolved to the file contents before connecting. However, using an absolute path on Windows will result in an error:

{{TypeError [ERR_INVALID_ARG_TYPE]: The ""path"" argument must be of type string or an instance of Buffer or URL. Received an instance of Object}}

It seems that the error is caused by the {{parseQueryStringItemValue}} method ([https://github.com/mongodb/node-mongodb-native/blob/master/src/connection_string.ts#L154)|https://github.com/mongodb/node-mongodb-native/blob/master/src/connection_string.ts#L154).]. It checks for the presence of a {{:}} in the parameter value and if so converts it into an object with key-values by splitting. However, an absolute path on windows will always start with {{<drive letter>:\...}} so the {{:}} will always be present.

This at least affects v4 - not tested for 3.x.
h3. Steps to Reproduce

Try connecting to a MongoDB node passing the {{tlsCAFile}} query parameter in the connection string on Windows with a valid absolute path.
h3. Expected Results

The connection is created and works/fails according to the CA provided.
h3. Actual Results

No connection is created but an error is thrown while trying to execute {{fs.readFileSync}} when resolving the {{tlsCAFile}}.",NODE,Bug,Shell,,Depends:MONGOSH-418|Depends:MONGOSH-193,driver_spec_nonconformance,high
58,CDRIVER-4598,https://jira.mongodb.org/browse/CDRIVER-4598,human,driver_spec_nonconformance,wire-protocol,medium,Ticket involves BSON serialization,_mongoc_rpc_scatter segfaults when parsing an OP_MSG with the optional CRC checksum present,"h4. Summary

As part of the development of the [serverless proxy|https://github.com/10gen/serverless-proxy], which is an Envoy process with custom filters to transcode the wire protocol into gRPC that will be used in Atlas Serverless, we are using some internal functionality of the C driver to perform wire protocol parsing (basically using {{_mongoc_rpc_scatter}} and various other functions).

We noticed that the serverless proxy segfaults when parsing an {{OP_MSG}} with the optional CRC checksum present. This occurs during the initial SASL handshake when connecting to Envoy using the legacy shell. The segfault occurs in {{{}_mongoc_rpc_scatter_msg{}}}, which is invoked by {{{}_mongoc_rpc_scatter{}}}.

After some initial digging, I think the use of {{strlen}} [here|https://github.com/mongodb/mongo-c-driver/blob/e24a7a2eb6486d142dd13a0472d76ff25188ed12/src/libmongoc/src/mongoc/mongoc-rpc.c#L519-L523] is unsafe. In fact, I think we should be using {{strnlen}} everywhere in {{mongoc-rpc.c}} as a precaution.

Below is an example of a buffer that causes {{_mongoc_rpc_scatter}} to segfault:
{code}  // The buffer contains 179 bytes in little-endian order that correspond to the valid wire protocol
  // message:
  // {
  //   ""saslStart"": 1,
  //   ""mechanism"": ""SCRAM-SHA-1"",
  //   ""options"":
  //   {
  //     ""skipEmptyExchange"": true
  //   },
  //   ""payload"":
  //   {
  //     ""$binary"":
  //     {
  //       ""base64"": ""biwsbj11c2VyLHI9Wmo5dkFXYUFmZUNWRkJHRU5TMkd0YnZXZEE2czIraG8="",
  //       ""subType"": ""00""
  //     }
  //   },
  //   ""$db"": ""admin""
  // }
  //
  // In this case, the optional CRC checksum is appended to the end of the OP_MSG. Refer to
  // https://www.mongodb.com/docs/manual/reference/mongodb-wire-protocol and https://bsonspec.org
  // for more information about the MongoDB wire protocol and the BSON specification, respectively.
  // clang-format off
  unsigned char buf[] = {
      // -----------------------
      // STANDARD MESSAGE HEADER
      // -----------------------
      0xb3, 0x00, 0x00, 0x00, // messageLength (0x000000b3 = 179)
      0x01, 0x00, 0x00, 0x00, // requestID (0x00000001 = 1)
      0x00, 0x00, 0x00, 0x00, // responseTo (0x00000000 = 0)
      0xdd, 0x07, 0x00, 0x00, // opCode (0x000007dd = 2013), indicating OP_MSG
      // ----------------
      // OP_MSG FLAG BITS
      // ----------------
      0x01, 0x00, 0x00, 0x00, // OP_MSG flagBits (0x00000001 = checksumPresent bit set)
      // ---------------------
      // OP_MSG SECTIONS ARRAY
      // ---------------------
      0x00, // OP_MSG sections kind byte (0x00), indicating body is single BSON object
      // ------------------
      // SINGLE BSON OBJECT
      // ------------------
      0x9a, 0x00, 0x00, 0x00,                                                                                     // BSON object size (0x0000009a = 154)
      0x10,                                                                                                       // BSON element type (0x10 = int32)
      0x73, 0x61, 0x73, 0x6c, 0x53, 0x74, 0x61, 0x72, 0x74, 0x00,                                                 // BSON element cstring field name (""saslStart"")
      0x01, 0x00, 0x00, 0x00,                                                                                     // BSON element value (0x00000001 = 1)
      0x02,                                                                                                       // BSON element type (0x02 = UTF-8 string)
      0x6d, 0x65, 0x63, 0x68, 0x61, 0x6e, 0x69, 0x73, 0x6d, 0x00,                                                 // BSON element cstring field name (""mechanism"")
      0x0c, 0x00, 0x00, 0x00, 0x53, 0x43, 0x52, 0x41, 0x4d, 0x2d, 0x53, 0x48, 0x41, 0x2d, 0x31, 0x00,             // BSON element value (""SCRAM-SHA-1"")
      0x03,                                                                                                       // BSON element type (0x03 = embedded document)
      0x6f, 0x70, 0x74, 0x69, 0x6f, 0x6e, 0x73, 0x00,                                                             // BSON element cstring field name (""options"")
      0x19, 0x00, 0x00, 0x00,                                                                                     // Embedded BSON object size (0x00000019 = 25)
      0x08,                                                                                                       // BSON element type (0x08 = boolean)
      0x73, 0x6b, 0x69, 0x70, 0x45, 0x6d, 0x70, 0x74, 0x79, 0x45, 0x78, 0x63, 0x68, 0x61, 0x6e, 0x67, 0x65, 0x00, // BSON element cstring field name (""skipEmptyExchange"")
      0x01,                                                                                                       // BSON element value (""true"") 
      0x00,                                                                                                       // Embedded BSON object end byte (0x00)
      0x05,                                                                                                       // BSON element type (0x05 = binary data)
      0x70, 0x61, 0x79, 0x6c, 0x6f, 0x61, 0x64, 0x00,                                                             // BSON element cstring field name (""payload"")
      0x2c, 0x00, 0x00, 0x00,                                                                                     // Binary data size (0x0000002c = 44)
      0x00,                                                                                                       // Binary data subtype (0x00 = 0)
      0x6e, 0x2c, 0x2c, 0x6e, 0x3d, 0x75, 0x73, 0x65, 0x72, 0x2c, 0x72, 0x3d, 0x5a, 0x6a, 0x39, 0x76, 0x41, 0x57, // BSON element value (binary data)
      0x61, 0x41, 0x66, 0x65, 0x43, 0x56, 0x46, 0x42, 0x47, 0x45, 0x4e, 0x53, 0x32, 0x47, 0x74, 0x62, 0x76, 0x57, // ...
      0x64, 0x41, 0x36, 0x73, 0x32, 0x2b, 0x68, 0x6f,                                                             // ...
      0x02,                                                                                                       // BSON element type (0x02 = UTF-8 string)
      0x24, 0x64, 0x62, 0x00,                                                                                     // BSON element cstring field name (""$db"")
      0x06, 0x00, 0x00, 0x00, 0x61, 0x64, 0x6d, 0x69, 0x6e, 0x00,                                                 // BSON element value (""admin"")
      0x00,                                                                                                       // BSON object end byte (0x00)
      0x20, 0x3c, 0x28, 0xb5                                                                                      // CRC-32C checksum
  };
  // clang-format on
{code}
h4. Environment

We are using version {{1.23.1}} of the C driver.

Host OS is Linux ip-10-122-15-28 5.4.0-1093-aws #102~18.04.2-Ubuntu SMP Wed Dec 7 00:31:59 UTC 2022 x86_64 x86_64 x86_64 GNU/Linux.
h4. How to Reproduce

See buffer attached above.",CDRIVER,Bug,Serverless Proxy,,Related:CDRIVER-4617|Related:CDRIVER-4630,driver_spec_nonconformance,medium
59,NODE-6126,https://jira.mongodb.org/browse/NODE-6126,human,not_relevant,,high,"Performance, build, packaging, or doc-related.",Improve performance of Long.fromBigInt,"h3. Use Case

As a BSON user
I want Long.fromBigInt to be performant
So that I can efficiently translate to the Long type
h3. User Impact
 * Any user using Long.fromBigInt

h3. Dependencies
 * None

h3. Unknowns
 * Is there a performance difference between bigint literals and {{BigInt(number)}}

h3. Acceptance Criteria
h4. Implementation Requirements
 * Remove stringifying to translate BigInt to Long
 * Replace with bitwise operations that separate the high and low 32 bits and call the Long constructor.

h4. Testing Requirements
 * Existing tests
 * Manually check performance improvements

h4. Documentation Requirements
 * None

h4. Follow Up Requirements
 * None",NODE,Improvement,BSON|Performance,node-internal,,not_relevant,high
60,JAVA-489,https://jira.mongodb.org/browse/JAVA-489,human,driver_spec_nonconformance,cursors,medium,,Add DBCursor.count(boolean foundOnly),"At this moment it's impossible to get the number of results with skip and limit applied:
http://api.mongodb.org/java/2.7.0/com/mongodb/DBCursor.html#count()

At the same time [PHP|http://www.php.net/manual/en/mongocursor.count.php] and [Python|http://api.mongodb.org/python/2.0.1/api/pymongo/cursor.html#pymongo.cursor.Cursor.count] have this ability.",JAVA,Improvement,,,,not_relevant,medium
61,CDRIVER-3575,https://jira.mongodb.org/browse/CDRIVER-3575,human,not_relevant,write-concern,high,Cross-driver inconsistency in write-concern.,"Ensure that the WriteConcernError ""errInfo"" object is propagated",See DRIVERS-967 for details.,CDRIVER,Improvement,,,Depends:DRIVERS-967,cross_driver_inconsistency,high
62,RUBY-2976,https://jira.mongodb.org/browse/RUBY-2976,human,driver_spec_nonconformance,crud,high,CRUD spec requires error for empty bulk write operation list,Raise an error on empty list of operations to BulkWrite,"Currently, the Ruby Driver allows applications to send the empty list to the Bulk Write operation. The spec states that drivers should raise an error in this case. 
https://github.com/mongodb/specifications/blob/master/source/crud/crud.rst#insert-update-replace-delete-and-bulk-writes",RUBY,Improvement,Spec Comp,,Related:RUBY-3087,driver_spec_nonconformance,high
63,NODE-3881,https://jira.mongodb.org/browse/NODE-3881,human,not_relevant,none,medium,References another driver behavior or linked ticket,Require hello command + OP_MSG when 'loadBalanced=True',"This ticket was split from {{{}DRIVERS-2033{}}}, please see that ticket for a detailed description.
h3. *Acceptance Criteria*

**

*Implementation Requirements*
When performing an initial handshake send the hello command instead of the legacy hello command if loadBalanced option is specified. Also send command OP_MSG instead of OP_QUERY.

*Testing Requirements*
 - prepareHandshakeDocument sets the hello parameter to 1 when loadBalanced is true
 - prepareHandshakeDocument sets the legacy hello parameter to 1 when serverApi and loadBalanced are not present
 - add a unit test for a load-balanced to verify that the first command is sent as OP_MSG 
 - add a unit test for a not load-balanced to verify that the first command is sent as OP_QUERY 

*Documentation Requirements*
None

*Follow Up Requirements*
None",NODE,Improvement,,prioritized|spec-compliance,Issue split:DRIVERS-2033|Related:CLOUDP-194714,cross_driver_inconsistency,medium
64,CSHARP-1589,https://jira.mongodb.org/browse/CSHARP-1589,human,not_relevant,crud,low,"spec area bug, prevention unclear",OfType doesn't work for an embedded array.,"please find method which calls to get people entries with casting to derived class object



var people = database.GetDatabase(""Test"") .GetCollection<Person>(""People"").AsQueryable();
            var x = people.Where(z => z.Addresses.OfType<Email>().Any(e => e.MailTo == ""not@home.com""));
 throws an exception:
""The method OfType is not supported in the expression tree: {document}{Addresses}.OfType().""

class Person
        {
            public List<Address> Addresses { get; set; }
        }
        class Address
        {
        }
        class Phone : Address
        {
            public string Number { get; set; }
        }
        class Email : Address
        {
            public string MailTo { get; set; }
        }
            ",CSHARP,Bug,API,driver,,avoidable_by_spec_conformance,low
65,CDRIVER-927,https://jira.mongodb.org/browse/CDRIVER-927,human,not_relevant,bson,low,Touches spec area but lacks clear nonconformance.,"libbson streaming writer docs are unclear, perhaps misleading","I'm trying to use libbson's streaming interface to write a sequence of records as described in [this StackOverflow question|http://stackoverflow.com/questions/33025818/how-to-use-libbson-streaming-writer-t-interface-to-write-bson-with-list-of-recor].  The streaming docs say the following:

{quote}
Libbson provides mechanisms to stream BSON documents to and from file-descriptors. This can be convenient if you want to do stream oriented processing.
{quote}

I do see that the reader interface, via {{bson_reader_new_from_file}}, does allow for reading from a file, but I see no similar interface for writing to a file as the docs suggest.

My code sample in the SO question shows some working code for writing from the {{bson_writer_t}}'s buffer, but when dealing with an arbitrary number of sub-documents, this would mean I'd have to use one writer for the entire parent document, meaning the buffer can grow arbitrarily large and undermine the whole point of streaming.

Are there plans to add file writing support directly to the {{bson_writer}} interface as the docs seem to indicate, and if so, would this kind of incremental writing of documents be supported?  This seems like a basic requirement for anyone who wants to emit larger documents with nested sub-documents.",CDRIVER,Bug,Docs|libbson,,,avoidable_by_spec_conformance,low
66,RUBY-1987,https://jira.mongodb.org/browse/RUBY-1987,human,driver_spec_nonconformance,command-monitoring|cursors,medium,Bug in command-monitoring,No command monitoring events for getMore on 2.6 server,"It appears that when running against a 2.6 server, using OP_GET_MORE op codes, the driver does not surface any command monitoring events for the getMore operations that are being sent.

https://github.com/mongodb/specifications/blob/master/source/find_getmore_killcursors_commands.rst says getMore command was added in 3.2, therefore I expect this issue to affect 2.6 and 3.0 servers.",RUBY,Bug,,,Related:RUBY-1980,avoidable_by_spec_conformance,medium
67,CSHARP-3428,https://jira.mongodb.org/browse/CSHARP-3428,human,not_relevant,,low,Default rationale,Week start parameter for $dateDiff aggregation expression,,CSHARP,Improvement,LINQ,,Depends:DRIVERS-1559|Related:CSHARP-3343,cross_driver_inconsistency,low
68,RUBY-3062,https://jira.mongodb.org/browse/RUBY-3062,human,not_relevant,csfle,high,Links to DRIVERS-2377; GCP KMS feature alignment.,Add support for GCP attached service accounts when using GCP KMS,"This ticket was split from {{DRIVERS-2377}}, please see that ticket for a detailed description. ",RUBY,Improvement,Client Side Encryption,,Issue split:DRIVERS-2377,cross_driver_inconsistency,high
69,CDRIVER-2134,https://jira.mongodb.org/browse/CDRIVER-2134,human,not_relevant,,medium,references behavior in another driver,Coverity analysis defect 49582: Operands don't affect result,"An operation with non-constant operands that computes a result with constant value

Defect 49582 (STATIC_C)
  Checker CONSTANT_EXPRESSION_RESULT (subcategory result_independent_of_operands)
  File:  {{/src/mongoc/mongoc-stream-gridfs.c}}
  Function {{_mongoc_stream_gridfs_readv}}
    /src/mongoc/mongoc-stream-gridfs.c, line: 114
    {color:red}""timeout_msec <= 2147483647"" is always true regardless of the values of its operands. This occurs as the logical operand of ""!"".{color} 
{code:first-line=114}
       BSON_ASSERT (timeout_msec <= INT_MAX);
{code}

",CDRIVER,Bug,,,Related:CDRIVER-852,cross_driver_inconsistency,medium
70,JAVA-1888,https://jira.mongodb.org/browse/JAVA-1888,human,test_infrastructure,sdam|crud,medium,Touches sdam.,Update SDAM tests to latest,Update to the latest tests.,JAVA,Improvement,,,,avoidable_by_spec_conformance,medium
71,PHPC-895,https://jira.mongodb.org/browse/PHPC-895,human,driver_spec_nonconformance,bson,low,Touches spec area but signal unclear.,Require 16-byte data length for Binary UUID subtypes 0x03 and 0x04,The legacy driver [throws an exception|https://github.com/mongodb/mongo-php-driver-legacy/blob/1.6.14/types/bin_data.c#L37] from the constructor if the subtype is 0x04 and the data payload is not exactly 16 bytes.,PHPC,Bug,,,Related:SWIFT-140|Related:DOCS-1543,avoidable_by_spec_conformance,low
72,CDRIVER-1533,https://jira.mongodb.org/browse/CDRIVER-1533,human,not_relevant,,medium,References other driver behavior.,mongoc_client_get_server_descriptions can return NULLs,"The 1.4.0 function mongoc_client_get_server_descriptions is supposed to return an array of server description pointers and the number of pointers, ""n"". It omits server descriptions of ""unknown"" type.

But, instead of tightly packing pointers to known-type server descriptions, it instead leaves NULL pointers in the returned array. For example, if there are 2 known servers and 1 unknown server, mongoc_client_get_server_descriptions is supposed to return:
{code}
[known server, known server, NULL]
n=2
{code}
... instead, it returns:
{code}
[known server, NULL, known server]
n=2
{code}
This could crash the caller, which doesn't expect any NULLs. If the caller doesn't crash, it still gets incorrect results, because n=2 is supposed to mean that the first two array elements are server description pointers. If the caller gets far enough to call mongoc_server_descriptions_destroy_all, it will crash there.

The unreleased new 1.5.0 function mongoc_topology_description_get_servers has the same bug.",CDRIVER,Bug,libmongoc,,Related:CDRIVER-1091,cross_driver_inconsistency,medium
73,CDRIVER-6019,https://jira.mongodb.org/browse/CDRIVER-6019,human,not_relevant,,medium,No spec-related content identified.,Improve error messages from Windows APIs,Tracks: https://github.com/mongodb/mongo-c-driver/pull/2020,CDRIVER,Improvement,,,,not_relevant,medium
74,CSHARP-2995,https://jira.mongodb.org/browse/CSHARP-2995,human,not_relevant,,low,References another driver; insufficient detail to classify further.,BsonClassMap.LookupClassMap supports private constructors inconsistently (regression),"The user's email:
{noformat}Ello 
After upgrading the c# mongo driver from 2.10.1 to 2.10.2, I noticed that classes that deserialised without issues suddenly stopped working, resulting in exceptions about incorrect creator maps. Has something changed with this patch?
The class I'm deserialising has a private, parameterless constructor, and a public constructor with 4 arguments. I get the following exception since the patch:
Creator map for class Nallian.CargoFlow.UseCase.Models.Mawb.PiecesDetail has 4 arguments, but none are configured.
Any ideas what has gone wrong? I don't see documented changes regarding the mapping, might the change be unintended? Moving back to 2.10.1 has resolved the issue again, leading me to believe there's something with the most recent patch.
Kind regards, Anthony{noformat}


 

 ",CSHARP,Bug,Serialization,,Related:CSHARP-4112,cross_driver_inconsistency,low
75,NODE-6370,https://jira.mongodb.org/browse/NODE-6370,human,not_relevant,cmap|crud,low,"bulkWrite hangs and connection not returned to pool, plausibly a CMAP-related bug.","bulkWrite does not resolve after update, and connection not returned to pool","Our issue has been ongoing for several versions now and have not been able to go beyond 5.9.2 version of the driver. I believe it is the same as NODE-6166 which was closed without finding the issue.

We have both `find` and `bulkWrite` operations that will behave similarly. We only see the issue in production, and it occurs roughly 1 in 3,000 of our updates, and each of those updates involves 4 or 5 bulkWrite operations. We have moderately heavy load, running about ~4,000 updates per second across all nodes, which is about 40/s on each node.

Seemingly randomly, those operations never return, but there is no active connection to the db server. I have viewed internals, and a connection from the connection pool is in use for each of the updates that hang. I believe the problem must be in the reading of the response on the socket, but this driver code has changed so much since 5.9.2 it is very difficult to know what it could be.

We are connected to Atlas with a 3 replica cluster. No unusual activity on server shows in monitoring. Although random and rare relative to the number of updates, it is easy to reproduce when making many updates, although I have not been able to reproduce locally with simulated load testing.

The server is running v5.",NODE,Bug,Connection Layer,external-user,Related:NODE-6166,avoidable_by_spec_conformance,low
76,JAVA-3487,https://jira.mongodb.org/browse/JAVA-3487,human,not_relevant,change-streams|command-monitoring|crud|cursors|sessions,low,Spec area: change-streams,com.mongodb.MongoException: state should be: open when closing an change stream,"When running this small main method i get an exception

 
{code:java}
public static void main(String[] args) throws InterruptedException {	
         MongoClient mongoClient = MongoClients.create(""mongodb://localhost"");
	MongoDatabase db = mongoClient.getDatabase(""import"");
	MongoCollection<Document> gameEntityCollection = db.getCollection(""gameEnitites"");
	gameEntityCollection.watch().subscribe(new Subscriber<ChangeStreamDocument<Document>>() {		@Override
		public void onSubscribe(Subscription s) {
			s.request(1);
			new Thread(() -> {
				try {
					Thread.sleep(100);
					s.cancel();
				} catch (InterruptedException e) {
					e.printStackTrace();
				}
			}).start();
		}		@Override
		public void onNext(ChangeStreamDocument<Document> t) {
		}		@Override
		public void onError(Throwable t) {
		}		@Override
		public void onComplete() {
		}
	});	Thread.sleep(10000);
}
{code}

{code}
com.mongodb.MongoException: state should be: open
	at com.mongodb.MongoException.fromThrowableNonNull(MongoException.java:79)
	at com.mongodb.async.client.AbstractSubscription.onError(AbstractSubscription.java:135)
	at com.mongodb.async.client.MongoIterableSubscription$2.onResult(MongoIterableSubscription.java:93)
	at com.mongodb.async.client.MongoIterableSubscription$2.onResult(MongoIterableSubscription.java:85)
	at com.mongodb.operation.AsyncChangeStreamBatchCursor$3.onResult(AsyncChangeStreamBatchCursor.java:133)
	at com.mongodb.operation.AsyncChangeStreamBatchCursor$3.onResult(AsyncChangeStreamBatchCursor.java:129)
	at com.mongodb.internal.async.ErrorHandlingResultCallback.onResult(ErrorHandlingResultCallback.java:49)
	at com.mongodb.operation.AsyncChangeStreamBatchCursor$4.onResult(AsyncChangeStreamBatchCursor.java:168)
	at com.mongodb.operation.AsyncChangeStreamBatchCursor$4.onResult(AsyncChangeStreamBatchCursor.java:159)
	at com.mongodb.internal.async.ErrorHandlingResultCallback.onResult(ErrorHandlingResultCallback.java:49)
	at com.mongodb.operation.AsyncQueryBatchCursor$CommandResultSingleResultCallback.onResult(AsyncQueryBatchCursor.java:331)
	at com.mongodb.operation.AsyncQueryBatchCursor$CommandResultSingleResultCallback.onResult(AsyncQueryBatchCursor.java:310)
	at com.mongodb.internal.async.ErrorHandlingResultCallback.onResult(ErrorHandlingResultCallback.java:49)
	at com.mongodb.internal.connection.DefaultServer$DefaultServerProtocolExecutor$2.onResult(DefaultServer.java:242)
	at com.mongodb.internal.async.ErrorHandlingResultCallback.onResult(ErrorHandlingResultCallback.java:49)
	at com.mongodb.internal.connection.CommandProtocolImpl$1.onResult(CommandProtocolImpl.java:83)
	at com.mongodb.internal.connection.DefaultConnectionPool$PooledConnection$1.onResult(DefaultConnectionPool.java:467)
	at com.mongodb.internal.connection.UsageTrackingInternalConnection$2.onResult(UsageTrackingInternalConnection.java:111)
	at com.mongodb.internal.async.ErrorHandlingResultCallback.onResult(ErrorHandlingResultCallback.java:49)
	at com.mongodb.internal.connection.InternalStreamConnection$2$1.onResult(InternalStreamConnection.java:401)
	at com.mongodb.internal.connection.InternalStreamConnection$2$1.onResult(InternalStreamConnection.java:376)
	at com.mongodb.internal.connection.InternalStreamConnection$MessageHeaderCallback$MessageCallback.onResult(InternalStreamConnection.java:677)
	at com.mongodb.internal.connection.InternalStreamConnection$MessageHeaderCallback$MessageCallback.onResult(InternalStreamConnection.java:644)
	at com.mongodb.internal.connection.InternalStreamConnection$5.completed(InternalStreamConnection.java:514)
	at com.mongodb.internal.connection.InternalStreamConnection$5.completed(InternalStreamConnection.java:511)
	at com.mongodb.internal.connection.AsynchronousChannelStream$BasicCompletionHandler.completed(AsynchronousChannelStream.java:220)
	at com.mongodb.internal.connection.AsynchronousChannelStream$BasicCompletionHandler.completed(AsynchronousChannelStream.java:203)
	at java.base/sun.nio.ch.Invoker.invokeUnchecked(Invoker.java:127)
	at java.base/sun.nio.ch.Invoker.invokeUnchecked(Invoker.java:282)
	at java.base/sun.nio.ch.WindowsAsynchronousSocketChannelImpl$ReadTask.completed(WindowsAsynchronousSocketChannelImpl.java:581)
	at java.base/sun.nio.ch.Iocp$EventHandlerTask.run(Iocp.java:387)
	at java.base/sun.nio.ch.AsynchronousChannelGroupImpl$1.run(AsynchronousChannelGroupImpl.java:112)
	at java.base/java.util.concurrent.ThreadPoolExecutor.runWorker(ThreadPoolExecutor.java:1128)
	at java.base/java.util.concurrent.ThreadPoolExecutor$Worker.run(ThreadPoolExecutor.java:628)
	at java.base/java.lang.Thread.run(Thread.java:835)
Caused by: java.lang.IllegalStateException: state should be: open
	at com.mongodb.assertions.Assertions.isTrue(Assertions.java:70)
	at com.mongodb.internal.session.BaseClientSessionImpl.advanceOperationTime(BaseClientSessionImpl.java:107)
	at com.mongodb.internal.session.ClientSessionContext.advanceOperationTime(ClientSessionContext.java:70)
	at com.mongodb.internal.connection.ClusterClockAdvancingSessionContext.advanceOperationTime(ClusterClockAdvancingSessionContext.java:76)
	at com.mongodb.internal.connection.InternalStreamConnection.updateSessionContext(InternalStreamConnection.java:537)
	at com.mongodb.internal.connection.InternalStreamConnection.access$800(InternalStreamConnection.java:76)
	at com.mongodb.internal.connection.InternalStreamConnection$2$1.onResult(InternalStreamConnection.java:385)
	... 15 common frames omitted
{code}

it seem to occour when in `AsyncChangeStreamBatchCursor.close` 
`wrapped.close();` and `binding.release();` is called to fast one after the other. When i wait a bit with my debugger on `wrapped.close();` and then resume the exception does not occour.",JAVA,Bug,API,,Related:JAVA-3938,driver_spec_nonconformance,low
77,JAVA-5901,https://jira.mongodb.org/browse/JAVA-5901,human,not_relevant,wire-protocol,medium,ByteBuf.release() timing issue with Netty and GC.,LEAK : ByteBuf.release was not called,"under mongo-java-driver : 5.5.1, netty : 4.1.122-FINAL, jdk24 + ZGC
i can see such an error like below from time to time.
as i see, i can be timing issue.
for normal state, ByteBuf is read completely -> released -> GC collects
however, sometimes ByteBuf is read completely -> GC collects > released : this is ERROR!
can i get any suggestion or advice?

[related linkl|https://github.com/netty/netty/issues/15388]

{code}

LEAK: ByteBuf.release() was not called before it's garbage-collected. See https://netty.io/wiki/reference-counted-objects.html for more information.
Recent access records: 
Created at:
    io.netty.buffer.AbstractByteBufAllocator.compositeDirectBuffer(AbstractByteBufAllocator.java:224)
    io.netty.buffer.AbstractByteBufAllocator.compositeBuffer(AbstractByteBufAllocator.java:202)
    com.mongodb.internal.connection.netty.NettyStream.readAsync(NettyStream.java:301)
    com.mongodb.internal.connection.netty.NettyStream.handleReadResponse(NettyStream.java:361)
    com.mongodb.internal.connection.netty.NettyStream.access$900(NettyStream.java:115)
    com.mongodb.internal.connection.netty.NettyStream$InboundBufferHandler.channelRead0(NettyStream.java:437)
    com.mongodb.internal.connection.netty.NettyStream$InboundBufferHandler.channelRead0(NettyStream.java:434)
    io.netty.channel.SimpleChannelInboundHandler.channelRead(SimpleChannelInboundHandler.java:99)
    io.netty.channel.AbstractChannelHandlerContext.invokeChannelRead(AbstractChannelHandlerContext.java:444)
    io.netty.channel.AbstractChannelHandlerContext.invokeChannelRead(AbstractChannelHandlerContext.java:420)
    io.netty.channel.AbstractChannelHandlerContext.fireChannelRead(AbstractChannelHandlerContext.java:412)
    io.netty.channel.DefaultChannelPipeline$HeadContext.channelRead(DefaultChannelPipeline.java:1357)
    io.netty.channel.AbstractChannelHandlerContext.invokeChannelRead(AbstractChannelHandlerContext.java:440)
    io.netty.channel.AbstractChannelHandlerContext.invokeChannelRead(AbstractChannelHandlerContext.java:420)
    io.netty.channel.DefaultChannelPipeline.fireChannelRead(DefaultChannelPipeline.java:868)
    io.netty.channel.nio.AbstractNioByteChannel$NioByteUnsafe.read(AbstractNioByteChannel.java:166)
    io.netty.channel.nio.NioEventLoop.processSelectedKey(NioEventLoop.java:796)
    io.netty.channel.nio.NioEventLoop.processSelectedKeysOptimized(NioEventLoop.java:732)
    io.netty.channel.nio.NioEventLoop.processSelectedKeys(NioEventLoop.java:658)
    io.netty.channel.nio.NioEventLoop.run(NioEventLoop.java:562)
    io.netty.util.concurrent.SingleThreadEventExecutor$4.run(SingleThreadEventExecutor.java:998)
    io.netty.util.internal.ThreadExecutorMap$2.run(ThreadExecutorMap.java:74)
    io.netty.util.concurrent.FastThreadLocalRunnable.run(FastThreadLocalRunnable.java:30)
    java.base/java.lang.Thread.run(Unknown Source)

{code}",JAVA,Bug,Wire Protocol,,Problem/Incident:JAVA-6107|Related:JAVA-6038|Related:JAVA-6027|Related:JAVA-5982,avoidable_by_spec_conformance,medium
78,PYTHON-834,https://jira.mongodb.org/browse/PYTHON-834,human,not_relevant,,medium,Not about spec conformance,option to disable hostname validation during CA validation,"There are circumstances where you still require a CA to validate that your key and cert are valid, but forgo verifying that the hostname matches the CN.

This is already done in TxMongo which uses Twisted's SSL Context Factory to achieve the same thing.

Example of use-case (outside of MongoDB):
http://www.symantec.com/business/support/index?page=content&id=TECH141351",PYTHON,Improvement,,,,not_relevant,medium
79,GODRIVER-2565,https://jira.mongodb.org/browse/GODRIVER-2565,human,driver_spec_nonconformance,,low,Insufficient detail to classify.,Context cancelation before transaction commit does not abort,"The title of this ticket is my best guess at what's happening in the following situation :). (This came from [this slack conversation|https://mongodb.slack.com/archives/C7WJZNUTA/p1664474654586019]). See the attached test; occasionally, the test will loop continuously in the second transaction as the first transaction has not properly aborted its identical write server-side. I believe this is because we do not run {{AbortTransaction}} correctly when {{CommitTransaction}} encounters a context cancelation, but I'm not exactly sure. This requires further investigation and even if the aforementioned theory is correct, we need a more consistent regression test.",GODRIVER,Bug,,,Problem/Incident:BAAS-17083|Related:DRIVERS-2471|Related:GODRIVER-2997,not_relevant,low
80,JAVA-5408,https://jira.mongodb.org/browse/JAVA-5408,human,not_relevant,connection-string|logging,medium,CI/infrastructure,Remove GraalVM reachability metadata specific to org.mongodb:mongodb-crypt from :driver-core,"When {{org.mongodb:mongodb-crypt}} with the changes made in JAVA-5407 is released, and MongoDB Java driver depends on that new version, we should remove the reachability metadata that was added in JAVA-5407 to {{org.mongodb:mongodb-crypt}} from {{:driver-core}} (for example, the whole {{driver-core/src/main/resources/META-INF/native-image/jni-config.json}} was copied to {{org.mongodb:mongodb-crypt}} and should be removed from {{:driver-core}}).

*Important*: despite the following metadata entries having been added to {{bindings/java/mongocrypt/src/main/resources/META-INF/native-image/reflect-config.json}} in {{org.mongodb:mongodb-crypt}}, they must remain in {{:driver-core}}, because they are also used by {{:driver-core}}
{noformat}
{
  ""name"":""sun.security.provider.NativePRNG"",
  ""methods"":[{""name"":""<init>"",""parameterTypes"":[] }, {""name"":""<init>"",""parameterTypes"":[""java.security.SecureRandomParameters""] }]
}
{noformat}
{noformat}
{
  ""name"":""org.slf4j.Logger""
}
{noformat}",JAVA,Improvement,GraalVM,,Depends:JAVA-5407|Gantt End to End:JAVA-5219|Related:JAVA-3537,not_relevant,medium
81,CDRIVER-2005,https://jira.mongodb.org/browse/CDRIVER-2005,opus,not_relevant,,high,Evergreen Windows build mistakenly produces debug binaries; CI/build issue.,release-compile task on Evergreen Windows variants builds debug version of driver,"From looking at the build logs of a [recent ""release-compile"" task on the ""Windows (VS 2015)"" builder|https://evergreen.mongodb.com/task/mongo_c_driver_windows_2015_release_compile_7c7e5bf733c3891628b0526d6a20fc2ec3a014d4_17_01_27_19_07_21], it looks like a debug build of the driver is being built by mistake.

The logs show the compiler flags ""/MDd"" and ""/D _DEBUG"" being passed to cl.exe, and the value of $\{CMAKE_CFG_INTDIR} appears to be ""Debug"".

Perhaps the ""/p:Configuration=Release"" option needs to be passed to msbuild.exe?",CDRIVER,Bug,Build,,Related:CDRIVER-2079|Related:CDRIVER-2069,not_relevant,high
82,CDRIVER-2177,https://jira.mongodb.org/browse/CDRIVER-2177,opus,not_relevant,,high,Coverity-flagged resource leak in _mongoc_rpc_compress; internal memory bug.,Coverity analysis defect 101516: Resource leak,"Leak of memory or pointers to system resources

Defect 101516 (STATIC_C)
  Checker RESOURCE_LEAK (subcategory none)
  File:  {{/src/mongoc/mongoc-rpc.c}}
  Function {{_mongoc_rpc_compress}}
    /src/mongoc/mongoc-rpc.c, line: 676
    {color:red}Assigning: ""output"" = storage returned from ""bson_malloc0(output_length)"".{color} 
{code:first-line=676}
       output = (char *) bson_malloc0 (output_length);
{code}
    /src/mongoc/mongoc-rpc.c, line: 703
    {color:red}Variable ""output"" going out of scope leaks the storage it points to.{color} 
{code:first-line=703}
       return NULL;
{code}

",CDRIVER,Bug,libmongoc,,,not_relevant,low
83,CDRIVER-2603,https://jira.mongodb.org/browse/CDRIVER-2603,opus,not_relevant,,high,"pkg-config file lists redundant transitive shared lib dependencies; packaging/build-system issue, no spec impact.",Remove shared lib dependencies from pkg-config link line,"/usr/lib64/pkgconfig/libmongoc-1.0.pc contains:
{noformat}
Libs: -L${libdir} -lmongoc-1.0 -lsasl2  -lssl -lcrypto  -lrt -lresolv -lz  -lsnappy 
{noformat}
But applications linked against libmongoc probably don't need these library.

Reported as https://bugzilla.redhat.com/1560611
",CDRIVER,Bug,libmongoc,,,not_relevant,low
84,CDRIVER-2650,https://jira.mongodb.org/browse/CDRIVER-2650,opus,driver_spec_nonconformance,read-concern|wire-protocol,high,Driver appended readConcern both inside $query and at top level when wrapping for mongos; wire-protocol/read-concern command construction error.,"""find"" command for mongos can include readConcern twice","When we query mongos 3.2 or 3.4 with a read preference and read concern, the command should be assembled like:
{noformat}
{
  ""$query"": {
    ""find"": ""test"", ""filter"": {}, ""readConcern"": {""level"": ""majority""}
  },
  ""$readPreference"": {
    ""mode"": ""secondary""
  }
}
{noformat}
However, the driver sends:
{noformat}
{
  ""$query"": {
    ""find"": ""test"", ""filter"": {}, ""readConcern"": {""level"": ""majority""}
  },
  ""$readPreference"": {
    ""mode"": ""secondary""
  },
  ""readConcern"": {""level"": ""majority""}
}
{noformat}
mongos apparently ignores the outer readConcern.",CDRIVER,Bug,libmongoc,,,not_relevant,low
85,CDRIVER-2815,https://jira.mongodb.org/browse/CDRIVER-2815,opus,driver_spec_nonconformance,transactions,high,Transaction options not inherited from client when empty session opts; violates Transactions spec; mentions C++ driver failing spec tests.,Transactions options not inherited from client if empty options provided,"For a transaction, readConcern, writeConcern, and readPreferences should be inherited from the client when they aren't specified in {{startTransaction}} and aren't included in the default transaction options on the session.

In libmongoc, if a session is created with empty session options, the session won't inherit the transactions readConcern, writeConcern, and readPreferences from the client.

Compilable example:
{code:c}
#include <mongoc/mongoc.h>

int
main (int argc, char *argv[])
{
   mongoc_client_t *client = NULL;
   mongoc_client_session_t *session = NULL;
   mongoc_session_opt_t *session_opts = NULL;
   mongoc_transaction_opt_t *default_txn_opts = NULL;
   bson_error_t error;
   const mongoc_session_opt_t* returned_session_opts = NULL;
   const mongoc_transaction_opt_t* returned_transaction_opts = NULL;

   mongoc_init ();

   client = mongoc_client_new (""mongodb://localhost/?w=0"");
   /* construct session options and set an empty default transaction opts. */
   session_opts = mongoc_session_opts_new ();
   default_txn_opts = mongoc_transaction_opts_new ();
   mongoc_session_opts_set_default_transaction_opts (session_opts, default_txn_opts);
   session = mongoc_client_start_session (client, session_opts, &error);

   /* the default options should be inherited from the client but aren't */
   returned_session_opts = mongoc_client_session_get_opts (session);
   returned_transaction_opts = mongoc_session_opts_get_default_transaction_opts (returned_session_opts);
   BSON_ASSERT (mongoc_transaction_opts_get_write_concern (returned_transaction_opts) == NULL);
   /* transactions without an explicit write concern use NULL for the write concern. */

   mongoc_cleanup ();
   return 0;
}
{code}

{{mongoc_client_start_session}} overwrites the inherited transaction options by calling [_mongoc_session_opts_copy|https://github.com/mongodb/mongo-c-driver/blob/r1.12/src/libmongoc/src/mongoc/mongoc-client-session.c#L604] after inheritin",CDRIVER,Bug,libmongoc,,Depends:CXX-1531,driver_spec_nonconformance,high
86,CDRIVER-3036,https://jira.mongodb.org/browse/CDRIVER-3036,opus,driver_spec_nonconformance,change-streams,medium,change_stream_next should error when resume token _id is non-document; tightens Change Streams spec validation.,mongoc_change_stream_next should error if resume token is invalid,{{mongoc_change_stream_next()}} currently reports an error if the resume token ({{_id}}) is missing. It should also error if the field exists but is not a document type.,CDRIVER,Improvement,libmongoc,,Related:CDRIVER-2925,driver_spec_nonconformance,high
87,CDRIVER-3170,https://jira.mongodb.org/browse/CDRIVER-3170,opus,not_relevant,,high,calc_release_version.py Python 3 bytes/str regex bug; build script issue.,calc_release_version.py does not run under Python 3,"[See this failing evergreen task|https://evergreen.mongodb.com/task/mongo_c_driver_clang37_debug_compile_c11_patch_f08b93a091e807a67d83cb2ac6b65a5bdaac90f9_5cf663a02a60ed373e1a8d8c_19_06_04_12_27_13]. The relevant error is:

{noformat}
Traceback (most recent call last):
  File ""build/calc_release_version.py"", line 205, in <module>
    RELEASE_VER = previous(main()) if PREVIOUS else main()
  File ""build/calc_release_version.py"", line 112, in main
    head_tag_ver = check_head_tag()
  File ""build/calc_release_version.py"", line 77, in check_head_tag
    release_tag_match = RELEASE_TAG_RE.match(tag)
TypeError: cannot use a string pattern on a bytes-like object
CMake Error at CMakeLists.txt:10 (_message):
  BUILD_VERSION not specified and could not be calculated (script invocation
  failed); specify in CMake command, -DBUILD_VERSION=<version>
Call Stack (most recent call first):
  CMakeLists.txt:97 (message)
{noformat}",CDRIVER,Bug,Build,,,not_relevant,high
88,CDRIVER-3268,https://jira.mongodb.org/browse/CDRIVER-3268,opus,driver_spec_nonconformance,transactions|write-concern,high,Driver applied inherited unacknowledged writeConcern inside transaction; transactions spec explicitly forbids this.,Inherited unacknowledged write concern errors in transaction,"The /transactions/write-concern test is failing in master after a bug with parsing the {{runOn}} constraint of the spec tests was fixed in CDRIVER-3266.

The failing test was using an unacknowledged write concern as a collection option, and expecting operations within the transaction to not apply that write concern and succeed:

{noformat}
[2019/08/02 14:22:31.344] Expected success, got error ""Cannot use client session with unacknowledged writes"":
[2019/08/02 14:22:31.344] { ""name"" : ""insertOne"", ""object"" : ""collection"", ""collectionOptions"" : { ""writeConcern"" : { ""w"" : 0 } }, ""arguments"" : { ""session"" : ""session0"", ""document"" : { ""_id"" : 1 } }, ""result"" : { ""insertedId"" : 1 } }
{noformat}

Though the transaction's spec states:
{quote}
Drivers MUST NOT add the transaction’s writeConcern or any writeConcern inherited from the collection, database, or client to any preceding commands in the transaction.
{quote}",CDRIVER,Bug,libmongoc,,,driver_spec_nonconformance,high
89,CDRIVER-3436,https://jira.mongodb.org/browse/CDRIVER-3436,opus,not_relevant,,high,Documentation update clarifying mongoc_ssl_opt_t uses TLS; doc-only change with no driver behavior impact.,Document mongoc_ssl_opt_t uses TLS,"Document {{mongoc_ssl_opt_t}} and related ""ssl"" functions use TLS protocols. This ticket originally proposed deprecating {{mongoc_ssl_opt_t}}. Deprecating was rejected in [PR#1796|https://github.com/mongodb/mongo-c-driver/pull/1786] due requiring application code changes with little expected benefit.

*Original description:*
SSL named URI options were deprecated in CDRIVER-2869.

Deprecate use of the {{mongoc_ssl_opts_t}} struct too. Users can pass most TLS options through the URI.

The options {{ca_dir}} and {{crl_file}} do not have URI options. Consider providing an opaque {{mongoc_tls_opts_t}} struct to provide these options.",CDRIVER,Improvement,libmongoc,,Depends:CDRIVER-3442,not_relevant,medium
90,CDRIVER-3615,https://jira.mongodb.org/browse/CDRIVER-3615,opus,not_relevant,sdam,high,"Implements DRIVERS-1187 SDAM error-handling changes (topologyVersion, generation) including SDAM spec tests.",Reduce race conditions in SDAM error handling,"*Summary of required driver work:*
Reduce race conditions in SDAM error handling. In summary, drivers will update their SDAM and error handling logic to:

Add topologyVersion field to ServerDescription.
Ignore stale errors based on generation number and topologyVersion.
Implement SDAM spec tests for topologyVersion comparison.
Implement SDAM spec tests for handling mock application errors with the new tests in the tests/errors directory.
*Spec changes:*
Spec commit (part 1 of 2):
Author: {'name': 'Shane Harvey', 'email': 'shane.harvey@mongodb.com', 'username': 'ShaneHarvey'}
Message: SPEC-1663 Reduce race conditions in SDAM error handling (#781)
Add topologyVersion field to ServerDescription.
Add SDAM spec tests for topologyVersion comparison.
Clients ignore stale errors based on generation number and topologyVersion.
Branch: master
https://github.com/mongodb/specifications/commit/7dd9c008be6edaf65368787d5e91c2ac3aeb95b8

Spec commit (part 2 of 2):
Author: {'name': 'Shane Harvey', 'email': 'shane.harvey@mongodb.com', 'username': 'ShaneHarvey'}
Message: SPEC-1663 Add SDAM tests for detecting stale application errors (#787)
Add applicationErrors to configure mock errors.
Add pool generation to outcome assertion.
Add optional ""description"" field to each phase.
Add tests for network errors before/after handshake completes.
Add tests for not master errors pre/post 4.2.
Branch: master
https://github.com/mongodb/specifications/commit/371e95b18f4783d485218bb1565970be10568e8a
See DRIVERS-1187 for updated details.
    ",CDRIVER,Improvement,,,Depends:CDRIVER-3535|Depends:CXX-1989|Depends:DRIVERS-1187|Depends:SWIFT-777|Duplicate:CDRIVER-3648|Related:CDRIVER-3645|Related:PHPC-1589,not_relevant,medium
91,CDRIVER-3949,https://jira.mongodb.org/browse/CDRIVER-3949,opus,test_infrastructure,transactions|load-balancer,high,Issue split from DRIVERS-1638 to add session-unpinning test for non-transaction operations; spec test addition.,Test that session is unpinned when executing a non-transaction operation,"
{html}
    <div id=""script-target-wrapper"">
        <br>
        <b>DRIVERS Ticket Description</b>
        <div id=""lang-script-target"">
            <!-- This block of HTML and the script in it auto-populate the DRIVERS ticket description on page load. -->
            Script Target - If you can read this text, the script has failed
            <script>
                $.get('https://jira.mongodb.org/browse/DRIVERS-1638', function(data) {
                    var description = $(data).find(""#description-val"");
                    $(""#lang-script-target"").html(description);
                });
            </script>
        </div>
    </div>
{html}
",CDRIVER,Improvement,,,Depends:SWIFT-1175|Depends:CXX-2221|Depends:PHPC-1813|Issue split:DRIVERS-1638|Related:CDRIVER-3963|Related:CDRIVER-3966,driver_spec_nonconformance,high
92,CDRIVER-5607,https://jira.mongodb.org/browse/CDRIVER-5607,opus,not_relevant,,high,Internal cleanup of OID init to avoid time_t truncation; refactor with no spec behavior change.,Clean up OID init to avoid a suspicious time_t trunc,Tracks: https://github.com/mongodb/mongo-c-driver/pull/1643,CDRIVER,Improvement,,,,not_relevant,medium
93,CDRIVER-787,https://jira.mongodb.org/browse/CDRIVER-787,opus,not_relevant,,high,"Segfault from bson_destroy on NULL gle in legacy update/delete; C-level memory bug, not a spec deviation.",segfault on network err in legacy update or delete,"This code calls bson_destroy (gle) on the result of a getlasterror call, *when the getlasterror call has failed* and the ""gle"" bson object is NULL:

https://github.com/mongodb/mongo-c-driver/blob/a0219c9777f90187fa73d3fa24c66030e0db2a04/src/mongoc/mongoc-write-command.c#L730

The result is a segfault.",CDRIVER,Bug,libmongoc,,Related:CDRIVER-788,not_relevant,low
94,CDRIVER-934,https://jira.mongodb.org/browse/CDRIVER-934,opus,not_relevant,,high,"Compiler warnings under gnu99; build/internal issue, no spec involvement.",compiler warnings under gnu99,"{code}
clang -I/Library/Frameworks/R.framework/Resources/include -DNDEBUG -I. -Iyajl -Ibson -Imongoc -include apple.h -include mlfeatures.h -I/opt/csw/include -DBSON_COMPILATION -DMONGOC_COMPILATION  -I/usr/local/include -I/usr/local/include/freetype2 -I/opt/X11/include   -Wall -pedantic -Wno-deprecated-declarations -fPIC  -Wall -mtune=core2 -g -O2  -c cursor.c -o cursor.o
cursor.c:72:25: warning: passing 'const char *' to parameter of type 'void *' discards qualifiers [-Wincompatible-pointer-types-discards-qualifiers]
      if(str) bson_free(str);
                        ^~~
bson/bson-memory.h:60:36: note: passing argument to parameter 'mem' here
void  bson_free           (void   *mem);
{code} 

and 

{code}
clang -I/Library/Frameworks/R.framework/Resources/include -DNDEBUG -I. -Iyajl -Ibson -Imongoc -include apple.h -include mlfeatures.h -I/opt/csw/include -DBSON_COMPILATION -DMONGOC_COMPILATION  -I/usr/local/include -I/usr/local/include/freetype2 -I/opt/X11/include   -Wall -pedantic -Wno-deprecated-declarations -fPIC  -Wall -mtune=core2 -g -O2  -c mongoc/mongoc-async-cmd.c -o mongoc/mongoc-async-cmd.o
mongoc/mongoc-async-cmd.c:286:32: warning: arithmetic on a pointer to void is a GNU extension [-Wpointer-arith]
         acmd->iovec->iov_base += bytes;
         ~~~~~~~~~~~~~~~~~~~~~ ^
{code}",CDRIVER,Bug,,,,driver_spec_nonconformance,high
95,CSHARP-1245,https://jira.mongodb.org/browse/CSHARP-1245,opus,not_relevant,bson,high,Add support for newer extended JSON formats per spec ($date with $numberLong etc.); BSON extended JSON conformance.,Add support for reading new formats defined in the latest version of MongoDB extended JSON,"Add support for all formats defined in the latest version of the MongoDB extended JSON spec:

http://docs.mongodb.org/manual/reference/mongodb-extended-json/

For example, the following is not yet supported:

{code}
{ d : { $date : { $numberLong : ""1234"" } } }
{code}

Go through the spec and verify that all defined formats are supported. Add any missing unit tests.

This ticket is for reading only. There will be no change to the output formats for now.
",CSHARP,Improvement,BSON,,,not_relevant,high
96,CSHARP-1443,https://jira.mongodb.org/browse/CSHARP-1443,opus,not_relevant,,high,"LINQ Count() throws InvalidOperationException; C#-specific LINQ provider bug, not a spec deviation.",Count() throws InvalidOperationException,"The attached code throws an InvalidOperationException() Sequence contains no elements.

var items = collection.AsQueryable().Where(o => o.Id.Length>100).ToList();
var count = collection.AsQueryable().Where(o => o.Id.Length>100).Count(); // exception thrown here

The items value is 0. I want see count value is 0, but have exception.",CSHARP,Bug,LINQ,,,not_relevant,medium
97,CSHARP-1660,https://jira.mongodb.org/browse/CSHARP-1660,opus,not_relevant,,high,"C# LINQ aggregation expression mapping for $strLenBytes/$strLenCP; LINQ-binding feature, not a cross-driver spec.",Add expressions to determine the length of a string,"h3. Syntax
{code:js}
{$strLenBytes: <expression>}
{$strLenCP: <expression>}  // CP stands for UTF-8 'code points'.
{code}
h3. Examples
h4. Input
{code:js}
{_id: 0, string: ""cliché""}
{code}
h4. Pipeline
{code:js}
db.coll.aggregate([{
    $project: {
        byteLength: {$strLenBytes: ""$string""},
        cpLength: {$strLenCP: ""$string""}
    }
}])
{code}
h4. Output
{code:js}
{_id: 0, byteLength: 7, cpLength: 6}
{code}

h3. Original Description
We need to determine string length in aggregation pipeline

eg:
{code:js}
db.kol.insert({""text"": ""abcde""})
db.kol.insert({""text"": ""ab""})

db.kol.aggregate({ $project: { ""text_length"": {$length: ""$text""  }}})
{code}
result:
{code:js}
{ ""_id"" : ObjectId(""53d0c9bdc2644cdc0ab835f5""), ""text_length"" : 5 }
{ ""_id"" : ObjectId(""53d0c9c1c2644cdc0ab835f6""), ""text_length"" : 2 }
{code}

",CSHARP,Improvement,LINQ,,Depends:SERVER-14670,not_relevant,low
98,CSHARP-2127,https://jira.mongodb.org/browse/CSHARP-2127,opus,not_relevant,,high,"C# EnumSerializer uses Convert.ToInt32 on uint enums causing overflow; language-binding serializer bug, not BSON spec.",Enums with e.g. uint underlyings fail to serialized,"As per this SO issue:

https://stackoverflow.com/questions/47781059/c-sharp-mongodb-tries-to-convert-enumuint32-to-int32-and-crashes

Easy to reproduce in EnumSerializerUInt32Tests.cs by switching from

{code:java}
        private enum E : uint
        {
            A = 1,
            B = 2
        }
{code}

to

{code:java}
        private enum E : uint
        {
            A = uint.MaxValue,
            B = 2
        }
{code}

and running the contained tests.

Result: Exception: ""Value was either too large or too small for an Int32.""

The problem here is in the EnumSerializer which attempts a Convert.ToInt32 for a Uint32 and a Convert.ToInt64 for a Uint64.",CSHARP,Improvement,Serialization,,,driver_spec_nonconformance,high
99,CSHARP-2308,https://jira.mongodb.org/browse/CSHARP-2308,opus,not_relevant,,high,LINQ provider bug in nested Select translation; C#-specific ORM/LINQ mapping not covered by any cross-driver spec.,Nested select which reference parent select actually still references child,"Consider the program below:

{code:c#}
static void Main()
{
		var server = new MongoClient(new MongoUrl(""mongodb://localhost:27017""));
		var db = server.GetDatabase(""FooBar""); 
		var foos = db.GetCollection<FooNest>(""Foos"");
		
		foos.DeleteMany((x) => true);
		
		foos.InsertOne(
			new FooNest{ 
				Name = ""Parent"", 
				NestedCollection = new []{
					new FooNest { 
						Name = ""Child""
					}
				}
			});
		
		var itms2 = foos.AsQueryable()
			.Select(top => top.NestedCollection
				.Select(child => new {ParentName = top.Name, child.Name}));
				
		Console.WriteLine(""Items returned: "" + itms2.ToList().ToJson());
		Console.WriteLine();
		Console.WriteLine(""Query translation: "" + itms2.ToString());
}

class FooNest
{
	public string Name;
	public IEnumerable<FooNest> NestedCollection;
}
{code}


The result of running this program is:
{code}
Items returned: [[{ ""ParentName"" : ""Child"", ""Name"" : ""Child"" }]]
{code}
It seems that the driver does not take into account that we want the Name property of the top object instead of the child object. The translation is printed out like this:
{code}
Query translation: aggregate([{ ""$project"" : { ""__fld0"" : { ""$map"" : { ""input"" : ""$NestedCollection"", ""as"" : ""child"", ""in"" : { ""ParentName"" : ""$$child.Name"", ""Name"" : ""$$child.Name"" } } }, ""_id"" : 0 } }])
{code}
Obviously the $map operator has no reference to the ""parent"" object. This behavior is wrong. The best would be if the driver used the ""parent"" object. But if that is not possible it would be better that the driver threw an error.",CSHARP,Bug,LINQ,rp-track,,avoidable_by_spec_conformance,medium
100,CSHARP-2390,https://jira.mongodb.org/browse/CSHARP-2390,opus,not_relevant,,medium,Intermittent server-selection timeout under autoscale; environment/connectivity issue with no specific spec deviation identified.,Intermittent Server Selection Connection Timeout on Server Startup,"This is a copy and paste of a post I made in the Google forum. It doesn't appear anyone is active there (I may be wrong) so I'm creating a bug report over here.


----
*Here is some information about our setup:*
- MongoDB version: 3.2.10
- Driver version: 2.5.0
- Replicaset with 3 nodes (1 primary, 2 secondary)
- MongoDB is hosted in Azure on a VM.
- Services that connect with mongoDB are running in an Azure Web App.
- Connection string: mongodb://username:password@server1.xxx.com:270xx,server2.xxx.com:270xx,server3.xxx.com:270xx/?replicaSet=repSetName&maxIdleTimeMS=60000""
 
*The problem:* 
When a new server instance is created due to autoscale trigger rules, *sometimes* the mongo client will throw the following error on the new instance (but not always; it's intermittent):
 
 
A timeout occured after 30000ms selecting a server using CompositeServerSelector\{ Selectors = MongoDB.Driver.MongoClient+AreSessionsSupportedServerSelector, LatencyLimitingServerSelector{ AllowedLatencyRange = 00:00:00.0150000 } }. Client view of cluster state is \{ ClusterId : ""1"", ConnectionMode : ""Automatic"", Type : ""ReplicaSet"", State : ""Disconnected"", Servers : [{ ServerId: ""{ ClusterId : 1, EndPoint : ""Unspecified/server3.azure.com:270xx"" }"", EndPoint: ""Unspecified/server3.azure.com:270xx"", State: ""Disconnected"", Type: ""Unknown"" }, \{ ServerId: ""{ ClusterId : 1, EndPoint : ""Unspecified/server1.azure.com:270xx"" }"", EndPoint: ""Unspecified/server1.azure.com:270xx"", State: ""Disconnected"", Type: ""Unknown"" }, \{ ServerId: ""{ ClusterId : 1, EndPoint : ""Unspecified/server2.azure.com:270xx"" }"", EndPoint: ""Unspecified/server2.azure.com:270xx"", State: ""Disconnected"", Type: ""Unknown"" }] }.
   at MongoDB.Driver.Core.Clusters.Cluster.ThrowTimeoutException(IServerSelector selector, ClusterDescription description)
   at MongoDB.Driver.Core.Clusters.Cluster.SelectServerHelper.WaitingForDescriptionToChange()
   at MongoDB.Driver.Core.Clusters.Cluster.SelectServer(IServerSelector selec",CSHARP,Bug,Connectivity,,,driver_spec_nonconformance,medium
101,CSHARP-2584,https://jira.mongodb.org/browse/CSHARP-2584,opus,not_relevant,,low,"User report of concurrent updates losing data; thin description, likely user error or unspecified concurrency, not clearly a spec violation.",Concurrent updates are not all done,"Pushing items to a list in a document in parallel doesn't push all items.

Please see my test code here [https://stackoverflow.com/questions/55640740/why-is-my-mongo-net-driver-code-not-concurrency-safe]",CSHARP,Bug,Operations,,,not_relevant,low
102,CSHARP-2595,https://jira.mongodb.org/browse/CSHARP-2595,opus,not_relevant,,high,.NET Core preview4 broke assembly loading in BsonClassMap; runtime/binding bug unrelated to any spec.,BsonClassMap type initializer throws exception,"The exception is thrown at: [https://github.com/mongodb/mongo-csharp-driver/blob/660658d4253f06506c1d60aae7ef68745ab609b2/src/MongoDB.Bson/Serialization/BsonClassMap.cs#L40]

 

It used to work up to and including dotnet core 3.0 preview3.

 

Today I upgraded to preview4, causing this breaking change.

I researched the issue briefly, apparently the new core version does not include the System.Runtime.Serialization.Formatters reference in CoreLib (so the System.Runtime.Serialization.FormatterServices type cannot be loaded this way).

 

Assembly.Load(""System.Runtime.Serialization.Formatters"") will work instead of  typeof(string).GetTypeInfo().Assembly as a method to load the assembly, but it will not work with .net framework (so there is some versioning code required probably).",CSHARP,Bug,Serialization,,Related:CSHARP-2592,avoidable_by_spec_conformance,medium
103,CSHARP-2693,https://jira.mongodb.org/browse/CSHARP-2693,opus,not_relevant,,high,Performance improvement to byte buffer allocations; no spec rule involved.,Performance: Reduce byte buffer allocations while writing to server,"Similar to https://jira.mongodb.org/browse/CSHARP-2692, calling Utf8Encoding.GetBytes without specifying a byte buffer should be avoided at all costs for best performance.

The current implementation of ByteBufferStream does already have a concept (using the ""_tempUtf8"" buffer) where it ends up calling the fast GetBytes() overload that doesn't allocate its own buffer for strings up to a length that fits into a byte[128] buffer. The 128 elements are a hard limit, though, so for bigger strings, there is a performance penalty.

I suggest changing this by auto-growing the byte[128] buffer to handle bigger strings, too. This is trading a little bit of memory for performance.",CSHARP,Improvement,Performance|Serialization,,,not_relevant,high
104,CSHARP-3425,https://jira.mongodb.org/browse/CSHARP-3425,opus,not_relevant,,high,"LINQ ToLower().Equals not supported; C# LINQ provider feature gap, not a spec requirement.","x => x.ToLower().Equals(""firstname"") throws NotSupportedException","Hello,

*AS-IS :*
When i'm trying to execute the following LINQ request {{x => x.ToLower().Equals(""firstname"")}}, the following exception is thrown: {{toLower is not supported}}, i'm using the version '2.11.6'.
I need this feature to perform ""case insensitive"" search.

*TO-BE:*
I made some modifications in the pull request to support this feature : https://github.com/mongodb/mongo-csharp-driver/pull/440",CSHARP,Bug,LINQ3,,,not_relevant,medium
105,CSHARP-3663,https://jira.mongodb.org/browse/CSHARP-3663,opus,test_infrastructure,logging,low,Add simple logging instrumentation for tests; internal test plumbing related to DRIVERS-1204 logging spec.,Introduce simple logging instrumentation to be used in tests,,CSHARP,Improvement,Internal,,Related:DRIVERS-1204,driver_spec_nonconformance,medium
106,CSHARP-4347,https://jira.mongodb.org/browse/CSHARP-4347,human,not_relevant,logging|server-selection,medium,Issue split from DRIVERS-1671 to add log messages for server selection per logging spec; spec compliance work.,Add log messages to Server selection spec,"This ticket was split from {{DRIVERS-1671}}, please see that ticket for a detailed description. ",CSHARP,Improvement,Logging,,Issue split:DRIVERS-1671,driver_spec_nonconformance,medium
107,CSHARP-4550,https://jira.mongodb.org/browse/CSHARP-4550,opus,not_relevant,,high,C# LINQ3 NewExpression vs MemberInitExpression translator inconsistency; language-specific LINQ provider bug.,NewExpression and MemberInitExpression behaviour differs,"Following on from CSHARP-4524, if you add a member initialization expression to the constructor, you switch from {{NewExpressionToAggregationExpressionTranslator}} to {{MemberInitExpressionToAggregationExpressionTranslator}}. The problem is that the latter requires exact matches of property names even for ctor parameters. Additionally we don't map readonly fields and properties causing the projection to fail as soon as a MemberInit expression is added to the constructor.

The desired behaviour is that:
{code}new Data(x.Value) { Optional = 42 }{code}
(using {{MemberInitExpressionToAggregationExpressionTranslator}}) should work similarly to:
{code}new Data(x.Value){code}
(using {{NewExpressionToAggregationExpressionTranslator}}). Adding an optional MemberInit expression shouldn't cause the projection to fail.

{code}
[Fact]
public void Projection_using_MemberInit_should_work()
{
    RequireServer.Check().Supports(Feature.FindProjectionExpressions);
    var collection = CreateCollection(LinqProvider.V3);
    var find = collection.Find(""{}"").Project(x => new SpawnDataWithOptionalExtraInfo(x.StartDate, x.SpawnPeriod) { ExtraInfo = 42 });
                                                                                                                                                                        
    var results = find.ToList();
                                                                                                                                                                        
    var projection = find.Options.Projection;
    var serializerRegistry = BsonSerializer.SerializerRegistry;
    var documentSerializer = serializerRegistry.GetSerializer<MyData>();
    var renderedProjection = projection.Render(documentSerializer, serializerRegistry, LinqProvider.V3);
    renderedProjection.Document.Should().Be(""{ Date : '$StartDate', Period : '$SpawnPeriod', ExtraInfo: 42, _id : 0 }"");
                                              ",CSHARP,Improvement,LINQ3,,Gantt End to Start:CSHARP-4632|Related:CSHARP-4524,driver_spec_nonconformance,medium
108,CSHARP-4839,https://jira.mongodb.org/browse/CSHARP-4839,opus,driver_spec_nonconformance,index-management,high,Issue split from DRIVERS-2761 to avoid appending write/read concern in Atlas Search Index helper commands; spec compliance fix.,Avoid Appending Write/Read Concern in Atlas Search Index Helper Commands,"This ticket was split from {{DRIVERS-2761}}, please see that ticket for a detailed description. ",CSHARP,Bug,Index Management,,Issue split:DRIVERS-2761,driver_spec_nonconformance,high
109,CSHARP-5466,https://jira.mongodb.org/browse/CSHARP-5466,opus,test_infrastructure,transactions,high,Issue split from DRIVERS-3081 to relax optional fields and add appName for failPoints in transactions unified tests.,Relax requirement for optional fields and introducing appName for failPoints for transactions unified tests,"This ticket was split from {{DRIVERS-3081}}, please see that ticket for a detailed description. ",CSHARP,Improvement,Transactions,,Fix:CSHARP-3678|Issue split:DRIVERS-3081,not_relevant,high
110,CSHARP-5646,https://jira.mongodb.org/browse/CSHARP-5646,opus,not_relevant,crud,medium,Issue split from DRIVERS-3221; per-driver implementation of vector similarity match expressions.,Implement vector similarity match expressions,"This ticket was split from {{DRIVERS-3221}}, please see that ticket for a detailed description. ",CSHARP,Improvement,,,Documented:DOCSP-58290|Issue split:DRIVERS-3221,driver_spec_nonconformance,high
111,CSHARP-5852,https://jira.mongodb.org/browse/CSHARP-5852,opus,not_relevant,bson,medium,Per-driver split from DRIVERS-3252 to add expression for BinData subtype; implementing cross-driver spec feature.,Expression to determine the subtype of BinData field,"This ticket was split from {{DRIVERS-3252}}, please see that ticket for a detailed description. ",CSHARP,Improvement,,,Issue split:DRIVERS-3252|Related:CSHARP-5735,driver_spec_nonconformance,high
112,CSHARP-5906,https://jira.mongodb.org/browse/CSHARP-5906,opus,not_relevant,transactions|retryable-writes,medium,Issue split from DRIVERS-3411; per-driver implementation of transaction state retry behavior fix.,Transaction state is preserved across retries,"This ticket was split from {{DRIVERS-3411}}, please see that ticket for a detailed description. ",CSHARP,Improvement,Backpressure|Transactions,,Issue split:DRIVERS-3411,cross_driver_inconsistency,medium
113,CXX-842,https://jira.mongodb.org/browse/CXX-842,opus,not_relevant,auth,low,"User support question about MONGODB-CR auth failing; thin description, no clear spec deviation identified.",C++ 11 master driver - can't execute authentification,"Hello, folks!

I'm trying to connect to remote database with login/password and enabled MONGODB-CR auth mode.

So I could not achieve it:
{code}
std::string connection_string = ""mongodb://user:REDACTED@xxxx:27017/"";
mongocxx::instance inst{};
mongocxx::client conn{mongocxx::uri{connection_string}};

std::cout << ""username: "" << conn.uri().username() << std::endl;
std::cout << ""password: "" <<  conn.uri().password() << std::endl;

auto db = conn[""fastnetmon""];
std::string collection_name = ""configuration"";

if (!db.has_collection(collection_name)) {
    std::cout << ""Connection failed"" << std::endl;
}
{/code}

From Mongo's side I haven't saw any auth tries:
{code}
2016-02-12T16:10:32.132+0100 I NETWORK  [initandlisten] connection accepted from xxxx:46591 #12 (1 connection now open)
2016-02-12T16:10:32.175+0100 I NETWORK  [conn12] end connection xxx:46591 (0 connections now open)
{/code}

But I definitely have this database and could connect to it with standard mongo client:
{code}
mongo xxxxx/fastnetmon --username user --password cooPh5ohcei0Iewe  --authenticationMechanism  MONGODB-CR  --authenticationDatabase admin
{/code}

Could you help me? That's really important because I could not ask folks on other side to disable authentication. ",CXX,Bug,,,,driver_spec_nonconformance,medium
114,DRIVERS-1649,https://jira.mongodb.org/browse/DRIVERS-1649,opus,spec_authoring,stable-api,high,DRIVERS coordination ticket to update Stable API spec/tests for renamed server parameter; spec authoring.,Replace usages of 'acceptAPIVersion2' with 'acceptApiVersion2',"{panel:title=Downstream Change Summary|titleBGColor=#239eb0|bgColor=#c2d2c2}
The 'acceptAPIVersion2' server parameter has been renamed to 'acceptApiVersion2'.
{panel}
h2. Description of Linked Ticket

4.9.0-alpha5 server offers the following parameters:
{code} ""acceptAPIVersion2""=>false,
 ""requireApiVersion""=>false,
{code}
As a user of the server I would like the server to use consistent case for related parameters, i.e. either use API or Api for both (and all of the other API version-related parameters).
h2. Drivers Changes Needed

Tests should be synced to incorporate the changes from [https://github.com/mongodb/specifications/commit/e728dfbc77e5e3f00a9b8b4301ec59fe14d87eda|https://github.com/mongodb/specifications/commit/e728dfbc77e5e3f00a9b8b4301ec59fe14d87eda].",DRIVERS,Improvement,Stable API,,Depends:SERVER-55317|Issue split:SWIFT-1178|Issue split:CDRIVER-3953|Issue split:CSHARP-3567|Issue split:CXX-2223|Issue split:GODRIVER-1960|Issue split:JAVA-4099|Issue split:MOTOR-709|Issue split:NODE-3201|Issue split:PHPLIB-650|Issue split:PYTHON-2641|Issue split:RUBY-2575|Issue split:RUST-741|Related:SERVER-55791,not_relevant,medium
115,DRIVERS-1857,https://jira.mongodb.org/browse/DRIVERS-1857,opus,spec_authoring,wire-protocol|cursors,high,DRIVERS ticket to update find/getMore/killCursors spec to require OP_MSG for exhaust cursors; spec authoring.,Use OP_MSG for exhaust cursors if the server supports OP_MSG,"*Background & Motivation* 

Exhaust cursors with OP_QUERY currently error against 5.1 development servers with the server change in SERVER-57391.

This only applies to C and Ruby. See the spreadsheet [Drivers affected by removal of OP_QUERY (SERVER-57391 )|https://docs.google.com/spreadsheets/d/1cRICpmQbaitAFCsCAAM1XHun3Ba8qIgjjY1Iot3RNnU/edit#gid=0].

This is required in drivers that support exhaust cursors for 5.1 to avoid a loss of functionality.

*Scope*
 Update the [Find, getMore, killCursors|https://github.com/mongodb/specifications/blob/df6be82f865e9b72444488fd62ae1eb5fca18569/source/find_getmore_killcursors_commands.rst#exhaust] specification to note that drivers must use OP_MSG if the server supports OP_MSG.

Add a test for establishing an exhaust cursor. This may need to be a prose test since not all drivers support exhaust cursors.

Drivers that already support exhaust cursors with OP_QUERY must update to use OP_MSG.

Drivers that do not support exhaust cursors must not make any changes. The proposal to specify exhaust cursor behavior in DRIVERS-535 was rejected because there was no compelling use case.

*Original Description*
{panel:title=Downstream Change Summary|titleBGColor=#239eb0|bgColor=#c2d2c2}
OP_QUERY and OP_GET_MORE messages aren't supported anymore and the server would respond to them with an error OP_REPLY message.
{panel}
h2. Description of Linked Ticket

As part of removing support for OP_QUERY or OP_GET_MORE, the server should return an error indicating that these wire protocol op codes are no longer supported.

However, we need to make sure that the server continues to accept OP_QUERY isMaster commands so that the connection handshake continues to work.

We should ensure that we still count attempted uses of OP_QUERY and OP_GET_MORE in {{db.serverStatus().opcounters.deprecated}}. We must also continue to log warning id 5578800, e.g.:
{noformat}{""t"":{""$date"":""2021-06-03T11:35:40.983-04:00""},""s"":""W"",  ""c"":""COMMAN",DRIVERS,Improvement,,,Depends:SERVER-57391|Issue split:CDRIVER-4130|Issue split:RUBY-2770|Related:HELP-29988,not_relevant,medium
116,DRIVERS-2503,https://jira.mongodb.org/browse/DRIVERS-2503,opus,spec_authoring,sdam,high,"DRIVERS project ticket coordinating spec amendment for connectionId int64 in hello response; mentions C#, Java, Node, Python.",ConnectionId returned in heartbeats may be int64,"{panel:borderStyle=solid|borderColor=#21313c|titleBGColor=#21313c|titleColor=#fafbfc|bgColor=#fafbfc}
h3. *Summary*
In the {{hello}} response, the server will return {{connectionId}} as an {{int32}}, {{int64}}, or even {{double}}. Many drivers (and our specs) assume that it is an {{int32}}. This can result in connection failures in some drivers (e.g. .NET/C#) or truncation of the {{connectionId}} (Java).

h3. *Motivation*
h4. Who is the affected end user?
End users with long-running clusters and high connection churn.

h4. How does this affect the end user?
Depends on how the driver handles the overflow. Some will throw an exception. Others will truncate the {{connectionId}}. Worst case scenario, the user will be unable to connect to the MongoDB cluster.

Note that some drivers like Node.js and Python aren't affected by this bug because they use arbitrary-width numeric types.

h4. How likely is it that this problem or use case will occur?
This issue is relatively infrequent. To overflow an {{int32}} {{connectionId}}, the server would have to churn 100 connections per second for 8 months at a sustained rate. If the churn rate was higher, then the time to overflow would be proportionately shorter. This is mitigated by the fact that the server's {{connectionId}} counter is reset with every server restart.

h4. If the problem does occur, what are the consequences and how severe are they?
Some drivers (like .NET/C#) won't be able to connect until the affected server is restarted. Others like Java will simply truncate the {{connectionId}} making it difficult/impossible to correlate client and server logs. Others like Python and Node.js are unaffected by this bug.

h4. Is this issue urgent?
Given that restarting the affected server resolves the issue for multiple months even at high connection churn rates, this issue does not appear to be urgent at this time.

h4. Is this ticket required by a downstream team?
No.

h4. Is this ticket only for tests?",DRIVERS,Bug,Handshake,,Issue split:CSHARP-4483|Issue split:CXX-2638|Issue split:GODRIVER-2737|Issue split:MOTOR-1084|Issue split:NODE-4971|Issue split:PHPC-2220|Issue split:PYTHON-3571|Issue split:RUBY-3206|Issue split:RUST-1571|Issue split:SWIFT-1692|Issue split:CDRIVER-4557|Issue split:JAVA-4846|Problem/Incident:CSHARP-4417|Related:CDRIVER-4502|Related:SERVER-75293|Related:DRIVERS-1141,driver_spec_nonconformance,high
117,DRIVERS-908,https://jira.mongodb.org/browse/DRIVERS-908,opus,spec_authoring,crud,high,DRIVERS project ticket adding hint parameter to delete/findAndModify across all drivers; spec authoring/coordination.,Allow hinting the delete command,"    {panel:title=Downstream Change Summary|titleBGColor=#239eb0|bgColor=#c2d2c2}
    This change adds a new hint parameter to each statement of the delete command, which works just like hinting in update. In addition, a hint parameter can now be used in findAndModify with remove=true, as well.
    {panel}
    h2. Description of Linked Ticket
    We recently added hint support for updates; we should do the same for the delete command. This work should also lift the restriction that the {{findAndModify}} command cannot include a hint if its {{remove}} parameter is set.
    ",DRIVERS,Improvement,,,Depends:CXX-1947|Depends:PHPC-1561|Depends:PHPLIB-539|Depends:SWIFT-797|Depends:MOTOR-505|Depends:CDRIVER-3552|Depends:CSHARP-2987|Depends:GODRIVER-1508|Depends:JAVA-3638|Depends:NODE-2477|Depends:PYTHON-2142|Depends:RUBY-2148|Depends:RUST-372|Depends:SERVER-44367|Depends:SPEC-1592|Depends:DRIVERS-1340|Related:DRIVERS-970,not_relevant,medium
118,GODRIVER-1798,https://jira.mongodb.org/browse/GODRIVER-1798,opus,not_relevant,,high,Documentation request to add auth instructions to README; doc only.,"Add instructions on how to authenticate yourself in the database in the main README file, at least make the reference to it  ","In the company, we're introducing Mongodb. 

Our is tech stack is mostly gRPC services running on Kubernetes. So we decided to build an Event Sourcing system to track down all our transactions across the microservices interactions. 

We decided to store the events into a Mongodb. At the beginning we got stuck trying to perform operations on the tables, because we need authenticate before that. It took a while to figure it out. A colleague and I got stuck for hours (working in parallel). We realized we had the same problem in the next stand up meeting. All the team agreed that some sort of example and reference to the actual Authentication documentations might come in handy. 

I found [this|https://stackoverflow.com/questions/55127143/how-to-connect-to-a-mlab-mongodb-database-in-golang] on stackoverflow and the accepted solution did the trick.",GODRIVER,Improvement,Authentication|Documentation,,,not_relevant,high
119,GODRIVER-1878,https://jira.mongodb.org/browse/GODRIVER-1878,opus,test_infrastructure,,high,Per DRIVERS-1538: add test that operations succeed when neither expectError nor expectResult specified; UTF runner test.,Add test to ensure drivers expect operations to succeed when neither expectError nor expectResult are specified,"
{html}
    <div id=""script-target-wrapper"">
        <br>
        <b>DRIVERS Ticket Description</b>
        <div id=""lang-script-target"">
            <!-- This block of HTML and the script in it auto-populate the DRIVERS ticket description on page load. -->
            Script Target - If you can read this text, the script has failed
            <script>
                $.get('https://jira.mongodb.org/browse/DRIVERS-1538', function(data) {
                    var description = $(data).find(""#description-val"");
                    $(""#lang-script-target"").html(description);
                });
            </script>
        </div>
    </div>
{html}
",GODRIVER,Improvement,,,Depends:DRIVERS-1538,test_infrastructure,high
120,GODRIVER-1916,https://jira.mongodb.org/browse/GODRIVER-1916,opus,test_infrastructure,csfle,high,Issue split from DRIVERS-1560 implementing KMS TLS verification prose tests; spec test rollout.,Test that KMS TLS connections verify peer certificates,"
{html}
    <div id=""script-target-wrapper"">
        <br>
        <b>DRIVERS Ticket Description</b>
        <div id=""lang-script-target"">
            <!-- This block of HTML and the script in it auto-populate the DRIVERS ticket description on page load. -->
            Script Target - If you can read this text, the script has failed
            <script>
                $.get('https://jira.mongodb.org/browse/DRIVERS-1560', function(data) {
                    var description = $(data).find(""#description-val"");
                    $(""#lang-script-target"").html(description);
                });
            </script>
        </div>
    </div>
{html}
",GODRIVER,Improvement,,,Issue split:DRIVERS-1560,avoidable_by_spec_conformance,medium
121,GODRIVER-2322,https://jira.mongodb.org/browse/GODRIVER-2322,opus,test_infrastructure,,high,"Skip capped collection tests on serverless due to CLOUDP-106443; CI/test fix, not driver behavior.",Fix failing serverless tests,"Serverless tasks have recently been failing in the Go driver due to tests that use capped collections. With CLOUDP-106443, capped collections are now banned on serverless. We should skip relevant tests in {{cursor_test.go}} on serverless.",GODRIVER,Bug,Testing,greenerbuild,Related:CLOUDP-106443,test_infrastructure,medium
122,GODRIVER-252,https://jira.mongodb.org/browse/GODRIVER-252,opus,not_relevant,,high,"Adding FromHex helper to objectid package; API ergonomics addition, not a spec requirement.",Add FromHex function to the objectid package,"There is currently a method to turn an ObjectID into a hex string, but there is no way to create an ObjectID from a hex string. Implement a FromHex function in the objectid package that will allow a user to provide a hex string and get an ObjectID back or an error if the string is not a valid ObjectID.",GODRIVER,Improvement,,,,not_relevant,low
123,GODRIVER-2742,https://jira.mongodb.org/browse/GODRIVER-2742,opus,not_relevant,sessions|server-selection,medium,Per-driver implementation of DRIVERS-2530: do not perform server selection to determine sessions support; sessions spec compliance.,Do not perform server selection to determine sessions support,"This ticket was split from {{DRIVERS-2530}}, please see that ticket for a detailed description. ",GODRIVER,Improvement,Sessions,,Depends:GODRIVER-2572|Gantt End to Start:GODRIVER-2572|Issue split:DRIVERS-2530|Related:GODRIVER-1712|Related:GODRIVER-2885,driver_spec_nonconformance,low
124,GODRIVER-2827,https://jira.mongodb.org/browse/GODRIVER-2827,opus,not_relevant,change-streams,medium,Per-driver implementation of DRIVERS-2617 to handle change stream events exceeding 16MB; spec conformance change.,Avoiding Errors if Change Stream Events Exceed 16MB,"This ticket was split from {{DRIVERS-2617}}, please see that ticket for a detailed description. ",GODRIVER,Improvement,,,Issue split:DRIVERS-2617,driver_spec_nonconformance,low
125,GODRIVER-3425,https://jira.mongodb.org/browse/GODRIVER-3425,opus,not_relevant,,high,"Improve exception message to reference ObjectIdAsHexString option; UX improvement, no spec behavior.",Reference ObjectIdAsHexString decoder option in exception message,"When trying to decode an {{ObjectId}} to a string, the {{ObjectIdAsHexString}} option needs to be enabled to avoid an exception message. However, the exception does not mention this at all. It would be helpful for the exception message to reference the config value to point the user in the right direction if they expected this behaviour.",GODRIVER,Improvement,,,,not_relevant,medium
126,GODRIVER-611,https://jira.mongodb.org/browse/GODRIVER-611,opus,not_relevant,bson,medium,UnmarshalExtJSON fails on multi-element arrays; Go-specific Extended JSON parser bug; unclear which spec rule violated.,UnmarshalExtJSON array fail,"UnmarshalExtJSON fail:

~~~
data := `[ ""201810"", ""201811"" ]`

arr := bson.NewArray()
err := bson.UnmarshalExtJSON([]byte(data), true, &arr)
if err != nil {
    t.Fatal(err)
}
t.Log(arr)
~~~

 
output:
~~~
Cannot read unknown BSON type invalid
~~~

but if data = 'data := `[ ""201810"" ]` works well
 

 ",GODRIVER,Bug,BSON,,,driver_spec_nonconformance,high
127,GODRIVER-710,https://jira.mongodb.org/browse/GODRIVER-710,opus,not_relevant,bson,medium,"Go BSON unmarshaling to interface{} ergonomics; language-binding default decoder behavior, not a BSON spec rule.",Unmarshaling to a interface{} fails,It fails with an invalid type being specified which in this case is 0x00 when using the empty interface decoder. It seems like a good default would be to instead do ReadDocument and set the interface{} to a bson.D,GODRIVER,Bug,BSON,,,driver_spec_nonconformance,high
128,HHVM-255,https://jira.mongodb.org/browse/HHVM-255,opus,driver_spec_nonconformance,read-concern,medium,Read concern incorrectly persisted on client beyond query scope; deviates from per-operation read-concern application.,Query execution should not assign read concern to client,"See: https://github.com/mongodb/mongo-hhvm-driver/commit/6276c1b2f2cc541ab00dd9d3713867f48200bd93#diff-276bb9c557784a4aa37a896b7bae213eR364

The read concern should be assigned to the temporary collection. As-is, it's possible for the read concern to linger after the query is executed and apply to future operations.",HHVM,Bug,,,Related:HHVM-145,driver_spec_nonconformance,high
129,JAVA-1599,https://jira.mongodb.org/browse/JAVA-1599,opus,driver_spec_nonconformance,server-selection,medium,"Adding serverSelectionTimeout configuration; Server Selection spec required option, missing from Java driver.",Add serverSelectionTimeout configuration,,JAVA,Improvement,Configuration,,,driver_spec_nonconformance,high
130,JAVA-1740,https://jira.mongodb.org/browse/JAVA-1740,opus,driver_spec_nonconformance,crud,medium,Filters.not produces wrong query when wrapping Filters.and; query builder bug; CRUD-spec-relevant operator semantics.,Filters.not produces incorrect query when Filters.and is nested in it,"See

https://github.com/mongodb/mongo-java-driver/blob/r3.0.0/driver-core/src/test/unit/com/mongodb/client/model/FiltersSpecification.groovy#L75

",JAVA,Bug,Query Operations,,,driver_spec_nonconformance,high
131,JAVA-1795,https://jira.mongodb.org/browse/JAVA-1795,opus,driver_spec_nonconformance,crud,high,Update with empty document treated as full replacement; CRUD spec requires rejecting empty update document.,Collection update methods should throw if update document is empty,"Collection update methods correctly validate that all keys in the update document start with the '$' character.  However, they don't validate that the update document is not empty.  This is incorrect because an empty update document is considered by the server to be a full document replacement.",JAVA,Bug,Write Operations,,Related:CSHARP-1265,driver_spec_nonconformance,high
132,JAVA-2022,https://jira.mongodb.org/browse/JAVA-2022,opus,not_relevant,,medium,"JsonReader feature request to accept ISODate() shell helper; extended JSON dialect handling, not a BSON spec rule violation.",JsonReader does not accept ISODate(),"Hi

The org.bson.json.JsonReader does not accept fields with ISODate() as content for a current date. Since this is possible in the shell and the JsonReader already accepts Date() as input it would be nice if ISODate() would share the same behaviour. Or am i missing something?

In visitDateTimeConstructor() this case is already handled like this:

{code:java}
JsonToken token = popToken();
if (token.getType() == JsonTokenType.RIGHT_PAREN) {
            return new Date().getTime();
        } 
{code}

Thanks for looking into this!
",JAVA,Improvement,BSON,,Related:JAVA-2024,not_relevant,medium
133,JAVA-2450,https://jira.mongodb.org/browse/JAVA-2450,opus,not_relevant,,medium,"JsonReader scanUnquotedString rejects '+/=' in BinData base64 input; extended JSON parsing bug, not a BSON spec rule.",JsonReader in unable to read all base64 characters when creating BinData,"h2. Issue
Currently *org.bson.json.JsonReader *in unable to read all base64 characters when creating BinData
Troublesome characters:* '+', '/', '='*

This makes for example *org.bson.Document.parse(final String json)* fail when reading documents with binary uuids.

h2. To reproduce:
*in org.bson.json.JsonReaderTest.testBinDataWithNew()  *
replace
`String json = ""{ \""a\"" : new BinData(3, AQID) }"";`

with
`String json = ""{ \""a\"" : new BinData(3, AQIDBA==) }"";`

to get new byte[]{1, 2, 3, 4}

it will fail as *BinDataConstructor* expects only unquotted string as byte value and
*org.bson.json.JsonScanner.scanUnquotedString()*
reads only '$', '_', letters and digits",JAVA,Bug,JSON,,,not_relevant,medium
134,JAVA-2515,https://jira.mongodb.org/browse/JAVA-2515,opus,not_relevant,,medium,"FloatCodec used Float.MIN_VALUE instead of -MAX_VALUE for lower bound; codec range bug, not a BSON spec rule.",Fix FloatCodec lower range,{{Float.MIN_VALUE}} is not the mathematical minimum it can represent. Negative of MAX_VALUE is the mathematical minimum value for floats.,JAVA,Bug,Codecs,,,not_relevant,medium
135,JAVA-2602,https://jira.mongodb.org/browse/JAVA-2602,opus,not_relevant,,high,"Groovy/Spock test framework MissingMethodException in Java unit specifications; internal test bug, not a spec rule.",Resolve groovy.lang.MissingMethodException in test specifications,"See [here|https://evergreen.mongodb.com/task_log_raw/mongo_java_driver_tests_jdk6_secure__version~latest_os~rhel62_topology~replicaset_auth~auth_ssl~ssl_jdk~jdk6_test_9e6f5f921811b5b6e835fe9fbaa3416f3eb3f97b_17_09_15_16_48_42/0?type=T#L8170] for one example.  There are two occurrences of the exception, one in ListCollectionsOperationSpecification and one in ListIndexesOperationSpecification

{noformat}
[2017/09/15 13:47:19.622] com.mongodb.operation.ListCollectionsOperationSpecification > should use the AsyncReadBindings readPreference to set slaveOK STANDARD_OUT
[2017/09/15 13:47:19.622]     17:47:19.614 [Test worker] WARN  org.mongodb.driver.operation - Callback onResult call produced an error
[2017/09/15 13:47:19.622]     groovy.lang.MissingMethodException: No signature of method: com.mongodb.operation.CommandOperationHelper$1.onResult() is applicable for argument types: (org.bson.BsonDocument, org.spockframework.lang.Wildcard) values: [[ok:BsonDouble{value=1.0}, cursor:[id:BsonInt64{value=1}, ns:BsonString{value='db.coll'}, ...]], ...]
[2017/09/15 13:47:19.622]     Possible solutions: onResult(java.lang.Object, java.lang.Throwable), findResult(java.lang.Object, groovy.lang.Closure), findResult(groovy.lang.Closure)
[2017/09/15 13:47:19.622]     	at org.codehaus.groovy.runtime.ScriptBytecodeAdapter.unwrap(ScriptBytecodeAdapter.java:58) ~[groovy-all-2.4.12.jar:2.4.12]
[2017/09/15 13:47:19.622]     	at org.codehaus.groovy.runtime.callsite.PojoMetaClassSite.call(PojoMetaClassSite.java:49) ~[groovy-all-2.4.12.jar:2.4.12]
[2017/09/15 13:47:19.622]     	at org.codehaus.groovy.runtime.callsite.CallSiteArray.defaultCall(CallSiteArray.java:48) [groovy-all-2.4.12.jar:2.4.12]
[2017/09/15 13:47:19.622]     	at org.codehaus.groovy.runtime.callsite.AbstractCallSite.call(AbstractCallSite.java:113) [groovy-all-2.4.12.jar:2.4.12]
[2017/09/15 13:47:19.622]     	at org.codehaus.groovy.runtime.callsite.AbstractCallSite.call(AbstractCallSite.java:133) [groovy-all-2.4.12.jar",JAVA,Improvement,Test Coverage,,,driver_spec_nonconformance,medium
136,JAVA-2799,https://jira.mongodb.org/browse/JAVA-2799,opus,not_relevant,,high,"POJO codec mishandles enums in same package; Java-specific codec mapping bug, not a spec rule.",Enum is handled as POJO when coexists in the same package as the rest of the POJO classes,"When an enum exists in the same package as POJO classes, its type is handled as a POJO and not as an enum.
Consider the package ""my_package"" and under it the following:
{code:java}
package my_package;
public class MyClass {

     public enum MyEnum {
           ENUM_1, ENUM_2;
     }
    
     private MyEnum e;
    
     public MyClass() {
     }

     public MyEnum getE() {return e;}
     public void setE(MyEnum e) {this.e = e;}
}

// In another package, where MongoClient is created

//Register the PojoCodecProvider
PojoCodecProvider pojoCodecProvider = PojoCodecProvider.builder()
                .register(""my_package"").build();
//.... Rest of the code that associates PojoCodecProvider with MongoClient

//When find() is called to bring a MyClass document from the database:
MyClass myClass = myClassCollection.find().first();
{code}

{noformat}
The following error occurs:
Caused by: org.bson.codecs.configuration.CodecConfigurationException: Cannot find a public constructor for 'MyEnum'.
	at org.bson.codecs.pojo.CreatorExecutable.checkHasAnExecutable(CreatorExecutable.java:140)
	at org.bson.codecs.pojo.CreatorExecutable.getInstance(CreatorExecutable.java:107)
	at org.bson.codecs.pojo.InstanceCreatorImpl.<init>(InstanceCreatorImpl.java:40)
	at org.bson.codecs.pojo.InstanceCreatorFactoryImpl.create(InstanceCreatorFactoryImpl.java:28)
	at org.bson.codecs.pojo.ClassModel.getInstanceCreator(ClassModel.java:70)
	at org.bson.codecs.pojo.PojoCodecImpl.decode(PojoCodecImpl.java:121)
	at org.bson.codecs.pojo.PojoCodecImpl.decode(PojoCodecImpl.java:126)
	at org.bson.codecs.pojo.LazyPojoCodec.decode(LazyPojoCodec.java:57)
	at org.bson.codecs.DecoderContext.decodeWithChildContext(DecoderContext.java:93)
	at org.bson.codecs.pojo.PojoCodecImpl.decodePropertyModel(PojoCodecImpl.java:184)
	... 67 more
{noformat}

The workaround on this issue might be registering specific classes in {{PojoCodecProvider}} rather than a package name, but its ",JAVA,Bug,Codecs,,,not_relevant,medium
137,JAVA-3176,https://jira.mongodb.org/browse/JAVA-3176,opus,not_relevant,,high,Removing deprecated GridFS helpers package; API cleanup with no spec behavior change.,Remove deprecated elements in com.mongodb.async.client.gridfs.helpers package (driver-async_main module),,JAVA,Improvement,API,,,not_relevant,medium
138,JAVA-3432,https://jira.mongodb.org/browse/JAVA-3432,opus,not_relevant,,medium,ClassCastException casting Bson Document to BsonValue in update pipeline; Java-internal API bug.,ClassCastException in FindAndUpdateOperation,"{{toBsonValueList}} casts {{Bson}} objects to {{BsonValue}} which errors when the actual value is eg. a {{Document}}.

{code:java}
MongoCollection<Document> collection = // ...

Document existing = collection.findOneAndUpdate(
    new Document(""_id"", 1), 
    Collections.singletonList(
        new Document(""$set"", new Document(""title"", ""The Burning White""))
    ),
    new FindOneAndUpdateOptions().upsert(true));
{code}",JAVA,Bug,Write Operations,,,driver_spec_nonconformance,medium
139,JAVA-3485,https://jira.mongodb.org/browse/JAVA-3485,opus,not_relevant,sdam,medium,Per DRIVERS-760/SPEC-1517 driver should not fire duplicate server/cluster description events; SDAM monitoring conformance fix.,Stop firing duplicate server and cluster description events,See DRIVERS-760 for details.,JAVA,Improvement,Monitoring,,Depends:DRIVERS-760|Depends:SPEC-1517,avoidable_by_spec_conformance,high
140,JAVA-4219,https://jira.mongodb.org/browse/JAVA-4219,opus,not_relevant,,medium,"WriteError code not propagated to MongoServerException.getCode in 4.3.0-beta3; Java-specific exception API regression, not a published spec rule.",Error Code from WriteError not propagated to MongoServerException,"The current driver 4.3.0-beta3 does not seem to propagate the error {{code}} from the {{WriteError}} to the {{MongoWriteException}} in case of an {{E11000}}.

With 4.2 drivers the error code matched.

{code:java}
try {
	MongoCollection<org.bson.Document> collection = client.getDatabase(""test"").getCollection(""write-error-tests"");
	collection.insertOne(new org.bson.Document(""_id"", ""id-1""));
	collection.insertOne(new org.bson.Document(""_id"", ""id-1""));
} catch (MongoServerException e) {
	System.out.println(""ServerException Code: "" + e.getCode());
	System.out.println(""WriteError Code     : "" + ((MongoWriteException)e).getError().getCode());
}
{code}",JAVA,Bug,Error Handling,external-user,Duplicate:JAVA-4922|Related:JAVA-3993,driver_spec_nonconformance,high
141,JAVA-4707,https://jira.mongodb.org/browse/JAVA-4707,opus,not_relevant,sdam,high,SDAM electionId/setVersion priority change per DRIVERS-2412; per-driver implementation of spec rule for 6.0+ servers.,Prioritize electionId over setVersion on 6.0+ servers,"This ticket was split from {{DRIVERS-2412}}, please see that ticket for a detailed description. ",JAVA,Improvement,SDAM,,Duplicate:JAVA-4375|Issue split:DRIVERS-2412,driver_spec_nonconformance,high
142,JAVA-4910,https://jira.mongodb.org/browse/JAVA-4910,opus,not_relevant,logging,medium,"Retry debug log message logged twice; cosmetic logging duplication, not a logging-spec rule violation.",Retry debug log message is logged twice,"Running any of the retryable reads tests with operation debug logging enabled yields output like this:

{noformat}
23:01:28.857 [Test worker] DEBUG org.mongodb.driver.operation - Retrying the operation aggregate due to the error ""com.mongodb.MongoNotPrimaryException: Command failed with error 10107 (NotWritablePrimary): 'Failing command via 'failCommand' failpoint' on server localhost:27017. The full response is {""ok"": 0.0, ""errmsg"": ""Failing command via 'failCommand' failpoint"", ""code"": 10107, ""codeName"": ""NotWritablePrimary""}""; attempt #2
23:01:28.857 [Test worker] DEBUG org.mongodb.driver.operation - Retrying the operation aggregate due to the error ""com.mongodb.MongoNotPrimaryException: Command failed with error 10107 (NotWritablePrimary): 'Failing command via 'failCommand' failpoint' on server localhost:27017. The full response is {""ok"": 0.0, ""errmsg"": ""Failing command via 'failCommand' failpoint"", ""code"": 10107, ""codeName"": ""NotWritablePrimary""}""; attempt #2
{noformat}

It should only be logged once.  Not sure if the same is true for retryable writes, but it likely is.",JAVA,Bug,Logging,,Documented:DOCSP-29280,driver_spec_nonconformance,medium
143,JAVA-4965,https://jira.mongodb.org/browse/JAVA-4965,opus,not_relevant,,high,Dependency version bump for zstd library; no driver behavior change tied to a spec rule.,upgrade to latest version of zstd,,JAVA,Improvement,Wire Protocol,,,not_relevant,high
144,JAVA-5172,https://jira.mongodb.org/browse/JAVA-5172,opus,not_relevant,,high,Internal refactor of ReadCommandOperation to use CommandCreators for OperationContext threading; no behavior change.,Update ReadCommandOperation to use CommandCreators,Will allow for the OperationContext to be passed in with the timeouts.,JAVA,Improvement,,,,not_relevant,high
145,JAVA-5174,https://jira.mongodb.org/browse/JAVA-5174,opus,not_relevant,,high,"Removing a temporary Filters.eqFull builder once Atlas supports short $eq form; API cleanup, not a spec deviation.",Remove Filters.eqFull,"JAVA-5117 introduced {{Filters.eqFull}} because Atlas was not supporting the short form of {{$eq}}, and we couldn't change the behavior of {{Filters.eq}} (see https://github.com/mongodb/mongo-java-driver/pull/1200#discussion_r1327846683).

When Atlas starts supporting the short {{$eq}} form, which should be ""soon"", we can remove {{Filters.eqFull}} (marked as {{@Beta}}), because all deployments will get the update.",JAVA,Improvement,Builders,,Depends:CLOUDP-201883|Documented:DOCSP-35304|Problem/Incident:JAVA-5117,not_relevant,low
146,MOTOR-60,https://jira.mongodb.org/browse/MOTOR-60,opus,not_relevant,,high,Pip pinning mismatch between motor and pymongo versions; packaging issue.,Pip pymongo and motor version mismatch,"Motor requires pymongo exactly at 2.7.1, but pip install installs 2.7.2",MOTOR,Bug,,,,not_relevant,medium
147,MOTOR-97,https://jira.mongodb.org/browse/MOTOR-97,opus,not_relevant,,high,"Motor 1.0 deprecation roadmap and migration guide; API cleanup, no spec behavior change.",Deprecations before 1.0.,"Deprecate now, remove in 1.0:

* MotorClient.open(), host, port, document_class, tz_aware, secondary_acceptable_latency_ms, tag_sets, uuid_subtype, alive
* secondary_acceptable_latency_ms, tag_sets, and uuid_subtype for db and collection
* MotorClient.disconnect(): prefer close()
* MotorReplicaSetClient
* db.connection, collection.connection

Create a migration guide like the [PyMongo 3 Migration Guide|https://api.mongodb.org/python/2.9.1/migrate-to-pymongo3.html] and automatically link deprecated MotorAttributeFactory docstrings to the Motor migration guide.

Remove the mock MasterSlaveConnection from Synchro and other obsolete Synchro wrappers.

Add instructions for turning deprecation warnings into errors and re-testing your application before upgrading to Motor 1.0.

Assert synchrotest.py has no unused skip-test patterns (because tests have been deleted or renamed since I wrote the patterns).

Add codec_options and new CRUD and GridFS APIs.",MOTOR,Improvement,,,,cross_driver_inconsistency,medium
148,NODE-134,https://jira.mongodb.org/browse/NODE-134,opus,not_relevant,bson,medium,"Refactor of js-bson parser API for cleaner setup and pre-allocated buffers; internal API change, not spec deviation.",Refactor BSON parser API and type behaviors to cleaner and simpler setup,"https://github.com/mongodb/js-bson/pull/65

- Single method entry instead of like now
- Support pre-allocated buffers for both C++ and js BSON by option",NODE,Improvement,,external-user,,not_relevant,low
149,NODE-1415,https://jira.mongodb.org/browse/NODE-1415,opus,driver_spec_nonconformance,crud,high,"Driver ignored user-provided batchSize on aggregate, defaulting to 1000; CRUD spec requires honoring user batchSize.",honor user provided batchSize in aggregate,"We currently ignore any provided batchSize, and default to {{batchSize: 1000}} for {{aggregate}}. ",NODE,Bug,Native,,,not_relevant,medium
150,NODE-1714,https://jira.mongodb.org/browse/NODE-1714,opus,test_infrastructure,retryable-writes,high,Per DRIVERS-574/SPEC-1160: add retryable-write tests for deleteMany/updateMany; spec test addition.,Test deleteMany and updateMany with retryWrites=true,See DRIVERS-574 for details.,NODE,Improvement,,external-user,Depends:SPEC-1160|Depends:DRIVERS-574,test_infrastructure,high
151,NODE-1835,https://jira.mongodb.org/browse/NODE-1835,opus,not_relevant,wire-protocol,high,"Internal refactor flattening wire protocol class hierarchy; no behavior change, no spec deviation.",Flatten wire protocol hierarchy,"The current wire protocol handlers are designed as a modular system, able to support pluggable future protocols through the max wire protocol version discovery. In theory, this might have been an ideal approach, but in practice it leads to large amounts of duplication, and is brittle in terms of the need to create instances of the handler, and the possibility of not having one (or the right one) during handshakes or testing.

This work flattens the class hierarchy into a set of functions exported by the {{wireProtocol}} package. There is no need for an allocation of a handler instance here, since it has no state and simply provides a number of methods. Furthermore, this continues to break down the needless extra layer for wire protocol handling, letting us think of a future where these methods aren't necessarily associated with topology instances, but instead connections.",NODE,Improvement,Core,,,driver_spec_nonconformance,medium
152,NODE-1984,https://jira.mongodb.org/browse/NODE-1984,opus,not_relevant,,high,"Native addon compile errors against Node 12 V8 API in kerberos module; build/compatibility issue, not spec behavior.",Add Node 12 support for Kerberos,"See [https://github.com/mongodb-js/kerberos/issues/99].

Three compile errors when attempting to install {{kerberos}} with Node 12:
{noformat}
../src/kerberos_common.h:29:43: error: no matching member function for call to 'Has'
    return !options.IsEmpty() && options->Has(key) && options->Get(key)->IsString()
{noformat}
{noformat}
../src/kerberos_common.h:39:43: error: no matching member function for call to 'Has'
    return !options.IsEmpty() && options->Has(key) && options->Get(key)->IsNumber()
{noformat}
{noformat}
../src/kerberos_common.h:40:49: error: too few arguments to function call, single argument 'context' was not specified
               ? options->Get(key)->Uint32Value()
{noformat}",NODE,Improvement,kerberos,,,not_relevant,high
153,NODE-2068,https://jira.mongodb.org/browse/NODE-2068,opus,driver_spec_nonconformance,sessions|server-selection,high,"Quotes driver-sessions spec requirement to perform server selection; driver did not, breaking sessions YAML tests.",Perform server selection for sessions check if required,"From the driver-sessions specification:
{quote}
If the TopologyDescription and connection type indicate that
the driver is not connected to any servers, OR
is not a direct connection AND is not connected to a data-bearing server
then a driver must do a server selection for any server whose type is data-bearing. Server selection will either time out or result in a TopologyDescription that includes at least one connected, data-bearing server.
{quote}

We do not do this, which is leading to errors when running the sessions YAML tests. Specifically, there a {{failCommand}} is causing the primary to transition to {{Unknown}} so our synchronous check for {{logicalSessionsTimeoutMinutes}} fails due to being temporarily {{null}} (until the server selection for the next operation). 
",NODE,Improvement,,,,driver_spec_nonconformance,high
154,NODE-2682,https://jira.mongodb.org/browse/NODE-2682,opus,not_relevant,change-streams,high,Treat CursorNotFound as resumable change stream error per DRIVERS-1308; implementing change-streams spec rule.,Treat CursorNotFound as a resumable change stream error,"    See DRIVERS-1308 for updated details.
    ",NODE,Improvement,,,Depends:DRIVERS-1308,not_relevant,medium
155,NODE-2794,https://jira.mongodb.org/browse/NODE-2794,opus,not_relevant,csfle,high,"Race condition in mongocryptd process spawn in Node binding; implementation bug, not a CSFLE spec rule.",Bug in source code for the libmongocrypt package,"Customer via intercom has reported a bug in the source code for the libmongocrypt package

 
 He connects MongoDB Atlas via AWS Lambda and he uses automatic Field Level Encryption. It basically works, but in about 30% of the function invocations he recieves random errors: Most of the time it is ""Current topology does not support sessions"" He is on 4.4 cluster with the current NodeJS driver 3.6. Sometimes he gets MongoServerSelectionError: connect ECONNREFUSED 127.0.0.1:27020 as an error. If he deactivates automatic field level encryption everything works fine as expected.

He figured out that there is some sort of race condition in the client between spawning the mongocryptd process and connecting to the cluster. He checked our source code for the libmongocrypt package. While the code comment says that the lib will wait until the mongocryptd process is up, it is not what the code does: [https://github.com/mongodb/libmongocrypt/blob/8530af06643daa28259e5830ce1dff22b6be326a/bindings/node/lib/mongocryptdManager.js#L65]
 There is a tiny bug in there. The code wait until the process is spawned, not until the process is ready. So there is a chance for race conditions where the client tries to connect but mongocryptd process is not ready.
 
Please look into it.

 ",NODE,Bug,Client Side Encryption|Lambda,,Depends:DRIVERS-1387|Related:NODE-2854|Related:NODE-3177,avoidable_by_spec_conformance,medium
156,NODE-2913,https://jira.mongodb.org/browse/NODE-2913,opus,not_relevant,cursors,medium,"Node Cursor.max/min should accept a document for index bounds (mongo shell parity); API ergonomics, not a CRUD spec rule.",Cursor.max/min should accept a document,"Hi, the shell needs to support sending indexBounds to the server in the format described here: [https://docs.mongodb.com/manual/reference/method/cursor.max/] but it appears that the node driver only accepts a single number argument for Cursor.max",NODE,Bug,Shell,,Depends:MONGOSH-467,not_relevant,high
157,NODE-2923,https://jira.mongodb.org/browse/NODE-2923,opus,not_relevant,,medium,"result.insertedIds populated with undefined values in BulkOperation.execute; Node API ergonomics bug, not a CRUD spec rule on insertedIds shape.",BulkOperation.execute returns undefined for insertedIds,"Steps to recreate:

 
{code:java}> const bulk = c.db('test').collection('coll').initializeUnorderedBulkOp()
> for (let i = 0; i < 1000; i++) bulk.insert({x: 1}
> const result = await bulk.execute()
> result.insertedIds
-----> RETURNS { 0: undefined, ... 999: undefined }{code}
result.result.insertedIds has ids that are not undefined.

 

 ",NODE,Bug,Shell,,Depends:NODE-2936|Depends:MONGOSH-467,driver_spec_nonconformance,high
158,NODE-3100,https://jira.mongodb.org/browse/NODE-3100,opus,driver_spec_nonconformance,sessions|sdam,medium,startSession randomly fails with 'topology does not support sessions' on supported servers; sessions/SDAM spec deviation.,startSession fails randomly with supported servers,"Looks like `startSession` fails randomly with `Current topology does not support sessions` even when sessions are supported (connected to Atlas).

I've encountered this error only twice and It seems to happen in cases when the connection is in some specific state (maybe idle for some time, or the server was doing something?). Retrying immediately after worked.

It would be nice to be able to rely on `startSession` to be working consistently if possible: except for this issue startSession / killSessions seems to be a viable way to cancel background operations in any mongo > 4 (ie. implement `ctrl+c` in mongosh and cancellation buttons in Compass).
",NODE,Bug,,,Related:HELP-21994|Related:HELP-19653,not_relevant,low
159,NODE-3151,https://jira.mongodb.org/browse/NODE-3151,opus,test_infrastructure,csfle,high,"Implement KMS TLS prose tests from DRIVERS-1560; per-driver spec test rollout, not a behavior fix.",Test that KMS TLS connections verify peer certificates,"*AC*
* Implement the two new prose tests in the linked drivers ticket
* File a separate bug if the tests do not pass",NODE,Improvement,Spec Test Coverage,prioritized|skipped-test|spec-fest,Issue split:DRIVERS-1560,not_relevant,medium
160,NODE-4110,https://jira.mongodb.org/browse/NODE-4110,opus,test_infrastructure,csfle,high,Issue split from DRIVERS-2017; adds ClientEncryption entity and Key Management ops to Unified Test Format runner.,Add ClientEncryption entity and Key Management API operations to Unified Test Format,"This ticket was split from {{DRIVERS-2017}}, please see that ticket for a detailed description. ",NODE,Improvement,,,Gantt End to End:NODE-4326|Issue split:DRIVERS-2017|Related:NODE-4315,not_relevant,medium
161,NODE-6242,https://jira.mongodb.org/browse/NODE-6242,opus,not_relevant,cursors,medium,"Restoring prior semantics of internal 'closed' property; API ergonomics, not a CRUD/cursors spec rule violation.",AbstractCursor closed property turns true when cursor is exhausted rather than when it has completely been iterated,"
h3. Use Case
As a Mongosh engineer
I want to know when all the documents from the cursor have been returned
So that I can inform the user if there is more to ""it""erate

h3. User Impact
* Breaking change, close used to change to true when there were no more documents, now it changes to true when the cursor id becomes zero

h3. Dependencies
* None

h3. Unknowns
* Internally we probably have logic that now depends on this.

h3. Acceptance Criteria

h4. Implementation Requirements
* Restore {{close}}'s prior behavior
* Move current behavior to new variable if necessary (possibly one of the other end states suffices already)

h4. Testing Requirements
* Test that close means there are no more documents

h4. Documentation Requirements
* Add API docs to all cursor properties but particularly ones that communicate state.
** {{closed}}, {{killed}}, {{id}} (make a note about zero/nullish)

h4. Follow Up Requirements
* NODE-5814
",NODE,Bug,,node-internal,Related:NODE-5814,driver_spec_nonconformance,medium
162,NODE-635,https://jira.mongodb.org/browse/NODE-635,opus,not_relevant,,high,"Driver 2.1.3 incompatible with Node 0.8; package.json engine compatibility issue, not a spec violation.",mongodb@2.1.3 not compatible with Node 0.8,"The 2.1.3 driver should either be fixed to work with Node 0.8, or marked as not compatible in package.json so it isn't selected for installation by npm.

To reproduce:

bash-3.2$ node -v
v0.8.28
bash-3.2$ npm install mongodb
...
bash-3.2$ npm ls
npm WARN package.json mongo-test@0.0.0 No repository field.
npm WARN package.json mongo-test@0.0.0 No readme data.
mongo-test@0.0.0 /private/tmp/mongo-test
└─┬ mongodb@2.1.3
  ├── es6-promise@3.0.2
  ├─┬ kerberos@0.0.17
  │ └── nan@2.0.9
  ├─┬ mongodb-core@1.2.31
  │ └── bson@0.4.20
  └─┬ readable-stream@1.0.31
    ├── core-util-is@1.0.2
    ├── inherits@2.0.1
    ├── isarray@0.0.1
    └── string_decoder@0.10.31

bash-3.2$ node
> require('mongodb')
TypeError: Cannot read property 'prototype' of undefined
    at Object.exports.inherits (util.js:538:43)
    at Object.<anonymous> (/private/tmp/mongo-test/node_modules/mongodb/lib/gridfs-stream/download.js:46:6)
    at Module._compile (module.js:449:26)
    at Object.Module._extensions..js (module.js:467:10)
    at Module.load (module.js:356:32)
    at Function.Module._load (module.js:312:12)
    at Module.require (module.js:362:17)
    at require (module.js:378:17)
    at Object.<anonymous> (/private/tmp/mongo-test/node_modules/mongodb/lib/gridfs-stream/index.js:2:30)
    at Module._compile (module.js:449:26)
> bash-3.2$",NODE,Bug,,external-user,,not_relevant,medium
163,PERL-683,https://jira.mongodb.org/browse/PERL-683,opus,not_relevant,,medium,"Feature request for extended JSON parsing into BSON::OID; API enhancement, not a spec deviation.",extended-json decoding feature request,"Could you pls include json parser that parses strings like '{$oid: 'xxx'}' to 'BSON::OID'.

Because right now using mongo db is hard. There is a method inflate_hash (but it doesn't work for anything except simple hash).

Could you also change the default behaviour of $BSON_EXTJSON because I expect the same behaviour of MongoDB's codecs.",PERL,Improvement,,,,not_relevant,high
164,PERL-918,https://jira.mongodb.org/browse/PERL-918,opus,test_infrastructure,retryable-writes,high,"Resync retryable writes spec tests; depends on DRIVERS/SPEC tickets, classic test-asset resync.",Resync retryable writes tests,Resync retryable writes spec tests.,PERL,Improvement,,,Depends:SPEC-1005|Depends:DRIVERS-503|Depends:DRIVERS-476|Duplicate:PERL-938,test_infrastructure,medium
165,PERL-972,https://jira.mongodb.org/browse/PERL-972,opus,not_relevant,,high,"Amend transaction example documentation in Perl driver; docs change, not driver behavior.",Amend transaction examples,PR: https://github.com/mongodb/mongo-perl-driver/pull/172/files#diff-0,PERL,Bug,Perl driver,pull-request,Depends:PERL-973|Depends:PERL-1038,not_relevant,medium
166,PHP-1360,https://jira.mongodb.org/browse/PHP-1360,opus,not_relevant,,low,Internal C-level comparison cleanup in pecl-mongo; no spec involvement; thin description.,Do not compare php_mongocursor_is_valid() result to FAILURE constant,,PHP,Bug,pecl-mongo,,,not_relevant,low
167,PHP-1414,https://jira.mongodb.org/browse/PHP-1414,opus,not_relevant,,high,"PHP-specific stream context handling for SSL peer cert capture; internal implementation, not a spec rule.",SSL peer verification should reference stream->context options,"Currently, the {{capture_peer_cert}} option is read before the stream is created (from {{options->ctx}}). We should move that between stream creation and crypto setup, and have it access {{stream->context}} instead. Additionally, {{php_stream_context_get_option()}} calls after crypto setup should check {{stream->context}} instead of {{options->ctx}}.",PHP,Bug,pecl-mongo,,Depends:PHP-1413|Related:PHP-1416,not_relevant,medium
168,PHPC-1139,https://jira.mongodb.org/browse/PHPC-1139,opus,not_relevant,auth,medium,Update Kerberos hostname canonicalization per DRIVERS-465/SPEC-1040 to align with auth spec.,Update algorithm for Kerberos hostname canonicalization,,PHPC,Improvement,,,Depends:CDRIVER-2537|Depends:PHPC-1174|Depends:CDRIVER-2551|Depends:SPEC-1040|Depends:DRIVERS-465,driver_spec_nonconformance,medium
169,PHPC-1420,https://jira.mongodb.org/browse/PHPC-1420,opus,not_relevant,,high,"Stack-protector abort in TLS stream init with replicaSet; native crash bug in libmongoc, no spec rule violated.",Using replicaSet triggers __fortify_fail() from /lib64/libc.so.6,"I've ran into issue where MongoDB connection from PHP works correctly, if only one host is specified in the connection string. However, trying to use replicaSet results in PHP process being aborted.

#0 0x00007f2f161b42c7 in raise () from /lib64/libc.so.6
#1 0x00007f2f161b59b8 in abort () from /lib64/libc.so.6
#2 0x00007f2f161f6e17 in __libc_message () from /lib64/libc.so.6
#3 0x00007f2f16295b67 in __fortify_fail () from /lib64/libc.so.6
#4 0x00007f2f16295b22 in __stack_chk_fail () from /lib64/libc.so.6
#5 0x00007f2efe76400a in mongoc_stream_tls_openssl_new (
 base_stream=base_stream@entry=0x55a498722700, 
 host=0x55a498230c98 ""2a01:4f8:173:1828::40"", opt=0x55a498231968, 
 client=<optimized out>)
 at /usr/src/debug/php-pecl-mongodb-1.6.0~alpha2/NTS/src/libmongoc/src/libmongoc/src/mongoc/mongoc-stream-tls-openssl.c:777
#6 0x00007f2efe762854 in mongoc_stream_tls_new_with_hostname (
 base_stream=base_stream@entry=0x55a498722700, host=<optimized out>, 
 opt=<optimized out>, client=client@entry=1)

(...)

 

I am able to reproduce the problem both with 1.6.0alpha2 and 1.5.5. 

 

Please take a look at the attached mongo debug log, and gdb backtrace.",PHPC,Bug,,,Depends:CDRIVER-3522|Related:CDRIVER-3522,driver_spec_nonconformance,medium
170,PHPC-1869,https://jira.mongodb.org/browse/PHPC-1869,opus,driver_spec_nonconformance,command-monitoring|auth,high,"CVE: drivers exposed auth-related data in command monitoring events; multi-driver spec nonconformance affecting C, PHP, Swift, Node, C++.",Redact sensitive commands from command monitoring,"*CVE ID:* CVE-2021-32050

*Title:* Some MongoDB Drivers may publish events containing authentication-related data to a command listener configured by an application

{*}Description{*}:

Some MongoDB Drivers may erroneously publish events containing authentication-related data to a command listener configured by an application. The published events may contain security-sensitive data when specific authentication-related commands are executed.

Without due care, an application may inadvertently expose this sensitive information, e.g., by writing it to a log file. This issue only arises if an application enables the command listener feature (this is not enabled by default).

This issue affects the MongoDB C Driver 1.0.0 prior to 1.17.7, MongoDB PHP Driver 1.0.0 prior to 1.9.2, MongoDB Swift Driver 1.0.0 prior to 1.1.1, MongoDB Node.js Driver 3.6 prior to 3.6.10, MongoDB Node.js Driver 4.0 prior to 4.17.0 and MongoDB Node.js Driver 5.0 prior to 5.8.0. This issue also affects users of the MongoDB C++ Driver dependent on the C driver 1.0.0 prior to 1.17.7 (C++ driver prior to 3.7.0).

*CVSS Score:* 4.2

CVSS:3.1/AV:L/AC:L/PR:H/UI:R/S:U/C:H/I:N/A:N 

*CWE ID:* CWE-200 Exposure of Sensitive Information to an Unauthorized Actor 

*Exact affected versions:*
MongoDB C Driver 1.0.0 prior to 1.17.7

MongoDB C++ Driver 3.0.0 prior to 3.7.0

MongoDB PHP Driver 1.0.0 prior to 1.9.2

MongoDB Swift Driver 1.0.0 prior to 1.1.1

MongoDB Node.js Driver 3.6 prior to  3.6.10

MongoDB Node.js Driver 4.0 prior to 4.17.0

MongoDB Node.js Driver 5.0 prior to 5.8.0 

*Is fixed version available:*  Yes

*How the issue was discovered:* Internally",PHPC,Bug,,,Depends:CDRIVER-3797|Depends:CDRIVER-4038|Depends:CDRIVER-4000|Depends:PHPLIB-664|Depends:PHPLIB-676|Depends:SECURITY-733,driver_spec_nonconformance,medium
171,PHPC-1937,https://jira.mongodb.org/browse/PHPC-1937,opus,not_relevant,,medium,"Make ReadPreference argument optional and default to primary; PHP API ergonomics, not a spec requirement.",ReadPreference for Manager::selectServer() should be optional and default to primary,"If the read preference argument for [{{mongoc_client_select_server}}|http://mongoc.org/libmongoc/1.18.0/mongoc_client_select_server.html] is null, libmongoc will attempt select a primary by default. There is no reason that {{Manager::selectServer()}} cannot do the same.

As an added benefit, this would simplify many uses of this method within PHPC and PHPLIB, which commonly construct a primary read preference.",PHPC,Improvement,,neweng,,driver_spec_nonconformance,high
172,PHPC-2496,https://jira.mongodb.org/browse/PHPC-2496,opus,not_relevant,,high,"Stub file inheritance mismatch in PHP exception class hierarchy; documentation/stub fix, not driver behavior.",WriteException stub should inherit ServerException,"According to the [WriteException docs|https://www.php.net/manual/en/class.mongodb-driver-exception-writeexception.php], the class extends ServerException; however, the corresponding stub in the 1.x branch suggests that it extends RuntimeException. The actual implementation in [WriteException.c|https://github.com/mongodb/mongo-php-driver/blob/v1.x/src/MongoDB/Exception/WriteException.c] correctly uses ServerException.

This issue persisted in [BulkWriteException.stub.php|https://github.com/mongodb/mongo-php-driver/blob/v2.x/src/MongoDB/Exception/BulkWriteException.stub.php] after removing WriteException in PHPC-2348.

",PHPC,Bug,,,Related:PHPC-2348|Related:PHPC-2497,not_relevant,medium
173,PHPC-299,https://jira.mongodb.org/browse/PHPC-299,opus,not_relevant,,high,Compiler warning about const qualifier; build/internal issue.,Annoying compiler warning,"{quote}
/home/bjori/Sources/phongo/php_phongo.c:1876:2: warning: initialization discards ‘const’ qualifier from pointer target type   STD_PHP_INI_ENTRY(PHONGO_DEBUG_INI, PHONGO_DEBUG_INI_DEFAULT, PHP_INI_ALL, OnUpdateString, debug, zend_mongodb_globals, mongodb_globals)
  ^
/home/bjori/Sources/phongo/php_phongo.c:1876:2: warning: initialization discards ‘const’ qualifier from pointer target type
{quote}",PHPC,Bug,,,,not_relevant,high
174,PHPC-369,https://jira.mongodb.org/browse/PHPC-369,opus,not_relevant,,high,PHP5-to-PHP7 zend_object struct layout migration; language-binding internal refactor.,Split object structures and retrieval,"In PHP7 custom object fields need to be declared first in the structures as apposed to being last in PHP5.

This also means casting zend_object is no longer possible and rather then calling zend_object_store_get_object() and cast the result, we need to do a quick XtOffsetOf dance.",PHPC,Improvement,,,,not_relevant,high
175,PHPC-384,https://jira.mongodb.org/browse/PHPC-384,opus,not_relevant,,low,"Thin description about php_stream resource ids; PHP-internal, no spec involvement.",php_stream's no longer have resource ids,,PHPC,Improvement,,,,not_relevant,high
176,PHPLIB-441,https://jira.mongodb.org/browse/PHPLIB-441,opus,not_relevant,change-streams,high,"ChangeStream iterator key not advanced when resuming; PHP Iterator API quirk, not a change-streams spec deviation.",ChangeStream key offset is not advanced when resuming,"When originally implementing the change stream spec test runner, I iterated the change stream using [{{iterator_to_array()}}|https://php.net/iterator_to_array]. This would normally be OK for the purposes of the spec test, since the runner opens a change stream, perform all operations in sequence, and finally iterates the change stream to collected events for those operations. As there is no need to watch the change stream for future events, it's acceptable that {{iterator_to_array()}} stops when {{valid()}} returns false (i.e. no more events available).

The default behavior of {{iterator_to_array()}} preserves keys from the iterator. In the test where the change stream resumes after a {{getMore}} failure, this results in the original event (returned by {{aggregate}}) being overwritten. Since a ChangeStream only replaces its inner iterator when resuming, I don't believe this is caused by the {{$key}} property being reset (the ChangeStream instance remains the same). Rather, I think the issue is that we're not incrementing {{$key}} properly.

Although we can work around this by the {{$use_keys}} option for {{iterator_to_array()}}, it is hardly intuitive and it'd be preferable to fix the increment behavior.


",PHPLIB,Bug,,,Depends:PHPLIB-416|Related:PHPLIB-454|Related:PHPLIB-442|Related:DOCSP-54022|Related:PHPLIB-366,test_infrastructure,medium
177,PHPLIB-761,https://jira.mongodb.org/browse/PHPLIB-761,opus,test_infrastructure,transactions|sessions,high,Refactor unified test runner to use disableClientPersistence option; test runner plumbing.,Disable client persistence when creating clients in test runners,"The unified test runner currently injects a unique connection string option into each client it creates in order to ensure libmongoc clients are not re-used (see: [{{MongoDB\Tests\UnifiedSpecTests\Context::createClient()}}|https://github.com/mongodb/mongo-php-library/blob/1.12.0/tests/UnifiedSpecTests/Context.php#L297-L300]). This is needed for {{txnNumber}} assertions, since spec tests expect those to start from {{1}} (not the case if a persistent client is re-used). There is a TODO item to remove that in favor of the {{disableClientPersistence}} option from PHPC-1645. Doing so would likely conserve memory usage since clients would not accumulate throughout the test suite.

A similar change can also be made in the legacy transaction spec test runner, which added a random ""p"" URI option (see: [{{MongoDB\Tests\SpecTests\fromTransactions()}}|https://github.com/mongodb/mongo-php-library/blob/1.12.0/tests/SpecTests/Context.php#L242-L245]).",PHPLIB,Improvement,Tests,,Depends:PHPC-1645,test_infrastructure,high
178,PHPLIB-915,https://jira.mongodb.org/browse/PHPLIB-915,opus,driver_spec_nonconformance,sessions|causal-consistency,medium,Per-driver implementation of DRIVERS-2369 directive to disable causal consistency in implicit sessions; aligns driver to spec.,Disable causal consistency in implicit sessions,"This ticket was split from {{DRIVERS-2369}}, please see that ticket for a detailed description. ",PHPLIB,Bug,Causal Consistency|Retryability|Sessions,neweng,Issue split:DRIVERS-2369|Related:PHPLIB-1132,driver_spec_nonconformance,high
179,PYTHON-2191,https://jira.mongodb.org/browse/PYTHON-2191,opus,not_relevant,,high,"Coverity-noticed double free in C extension buffer_grow; internal memory bug, no spec rule.",Double free in C extensions when realloc fails in buffer_grow,"When buffer_grow’s realloc call fails it frees the buffer:
https://github.com/mongodb/mongo-python-driver/blob/3.10.1/bson/buffer.c#L82

This causes a double free later on ([for example in _write_dict_to_bson|https://github.com/mongodb/mongo-python-driver/blob/3.10.1/bson/_cbsonmodule.c#L1817]) because the buffer struct is not ""owned"" by buffer_grow. A fix should ensure that the caller of buffer_grow can always free the buffer, even on error.

Noticed by Coverity.",PYTHON,Bug,,,,avoidable_by_spec_conformance,medium
180,PYTHON-2320,https://jira.mongodb.org/browse/PYTHON-2320,opus,not_relevant,,high,Jython SSLSocket missing 'channel' attribute breaks poll-based monitor heartbeat; Python platform compatibility bug.,Jython SSL + poll fails with AttributeError: 'SSLSocket' object has no attribute 'channel',"It's no longer possible to reliably connect to Atlas clusters with Jython 2.7.0. Each SDAM monitor heartbeat fails with this error:
{code}
>>> Exception in thread pymongo_server_monitor_thread:Traceback (most recent call last):
  File ""/Users/shane/jython2.7.0/Lib/threading.py"", line 222, in _Thread__bootstrap
    self.run()
  File ""/Users/shane/jython2.7.0/Lib/threading.py"", line 213, in run
    self._target(*self._args, **self._kwargs)
  File ""pymongo/periodic_executor.py"", line 125, in _run
    if not self._target():
  File ""pymongo/monitor.py"", line 46, in target
    monitor._run()
  File ""pymongo/monitor.py"", line 170, in _run
    self._server_description = self._check_server()
  File ""pymongo/monitor.py"", line 170, in _run
    self._server_description = self._check_server()
  File ""pymongo/monitor.py"", line 170, in _run
    self._server_description = self._check_server()
  File ""pymongo/monitor.py"", line 206, in _check_server
    return self._check_once()
  File ""pymongo/monitor.py"", line 206, in _check_server
    return self._check_once()
  File ""pymongo/monitor.py"", line 243, in _check_once
    response, round_trip_time = self._check_with_socket(sock_info)
  File ""pymongo/monitor.py"", line 274, in _check_with_socket
    response = conn._ismaster(cluster_time, None, None, None)
  File ""pymongo/pool.py"", line 579, in _ismaster
    doc = self.command('admin', cmd, publish_events=False,
  File ""pymongo/pool.py"", line 699, in command
    self._raise_connection_failure(error)
  File ""pymongo/pool.py"", line 683, in command
    return command(self, dbname, spec, slave_ok,
  File ""pymongo/network.py"", line 150, in command
    reply = receive_message(sock_info, request_id)
  File ""pymongo/network.py"", line 195, in receive_message
    length, _, response_to, op_code = _UNPACK_HEADER(
  File ""pymongo/network.py"", line 265, in _receive_data_on_socket
    wait_for_read(sock_info, deadline)
  File ""pymongo/network.py"", line 265, in _rec",PYTHON,Bug,,,Problem/Incident:PYTHON-2123|Related:PYTHON-498,test_infrastructure,medium
181,PYTHON-2443,https://jira.mongodb.org/browse/PYTHON-2443,opus,not_relevant,,high,"TypeError multiplying None timeout by 1000 in pyOpenSSL socket select; Python-specific implementation bug, not a spec rule.",TypeError when using pyOpenSSL with a socket timeout of None,"Reported in https://github.com/mongodb/mongo-python-driver/pull/526 MongoClient can raise an unexpected TypeError when using pyOpenSSL with a socket timeout of None:
{code:python}
Traceback (most recent call last):
  File ""<REDACTED>/manage.py"", line 39, in <module>
    execute_from_command_line(sys.argv)
  File ""<REDACTED>/dist-packages/django/core/management/__init__.py"", line 364, in execute_from_command_line
    utility.execute()
  File ""<REDACTED>/dist-packages/django/core/management/__init__.py"", line 356, in execute
    self.fetch_command(subcommand).run_from_argv(self.argv)
  File ""<REDACTED>/dist-packages/django/core/management/base.py"", line 283, in run_from_argv
    self.execute(*args, **cmd_options)
  File ""<REDACTED>/dist-packages/django/core/management/base.py"", line 330, in execute
    output = self.handle(*args, **options)
  File ""<REDACTED>.py"", line 365, in handle
    sources += <REDACTED>.objects.filter(**query)[:limit]
  File ""<REDACTED>/dist-packages/mongoengine/queryset/manager.py"", line 37, in __get__
    queryset = queryset_class(owner, owner._get_collection())
  File ""<REDACTED>/dist-packages/mongoengine/document.py"", line 211, in _get_collection
    db = cls._get_db()
  File ""<REDACTED>/dist-packages/mongoengine/document.py"", line 189, in _get_db
    return get_db(cls._meta.get(""db_alias"", DEFAULT_CONNECTION_NAME))
  File ""<REDACTED>/dist-packages/mongoengine/connection.py"", line 369, in get_db
    conn_settings[""username""], conn_settings[""password""], **auth_kwargs
  File ""<REDACTED>/dist-packages/pymongo/database.py"", line 1495, in authenticate
    connect=True)
  File ""<REDACTED>/dist-packages/pymongo/mongo_client.py"", line 780, in _cache_credentials
    with server.get_socket(all_credentials) as sock_info:
  File ""<REDACTED>/contextlib.py"", line 17, in __enter__
    return self.gen.next()
  File ""<REDACTED>/dist-packages/pymongo/pool.py"", line 1225, in get_socket
    sock_info = self._get_socket(all_credenti",PYTHON,Bug,,,Problem/Incident:PYTHON-2040,avoidable_by_spec_conformance,medium
182,PYTHON-2518,https://jira.mongodb.org/browse/PYTHON-2518,opus,not_relevant,,high,"SON.keys() returns list rather than dict_keys; Python-specific API compatibility issue, not a BSON spec rule.",SON class should be compatible with Python 3's OrderedDict API,"The problem is that in all the cases of the normal `dict` or `OrderedDict` the returned object has a `set` interface, so this code should work for any `dict`:

```
from six import viewkeys
viewkeys(d) - \{'a', 'b'}
```

The above code fails for Python3 with:

```
TypeError: unsupported operand type(s) for -: 'list' and 'set'
```

When using the `six.viewkeys()` it maps it to `viewkeys() for Python2 and `keys()` for Python3.

In Python2 `dict().viewkeys()` returns `dict_keys([])`.
In Python3 `dict().keys()` also returns `dict_keys([])`.


For Python2: `OrderedDict().viewkeys()` returns `KeysView(OrderedDict())`
For Python3: ``OrderedDict().keys()` returns `odict_keys([])`

The `SON` class returns `list` for `SON().keys()`.",PYTHON,Bug,BSON,,Related:PYTHON-2501|Related:PYTHON-2884,not_relevant,medium
183,PYTHON-4781,https://jira.mongodb.org/browse/PYTHON-4781,opus,not_relevant,,high,OSError importing asyncio in evergreen OIDC auth helper script on Windows; CI/tooling failure.,OSError on Windows when importing asyncio,"{code}
[2024/09/20 11:42:54.221] Traceback (most recent call last):
[2024/09/20 11:42:54.221]   File ""Z:\data\mci\401ea096db7a62eebb183f2f608bede6\drivers-tools\.evergreen\auth_aws\lib\aws_handle_oidc_creds.py"", line 12, in <module>
[2024/09/20 11:42:54.221]     from pyop.authz_state import AuthorizationState
[2024/09/20 11:42:54.221]   File ""Z:\data\mci\401ea096db7a62eebb183f2f608bede6\drivers-tools\.evergreen\auth_aws\authawsvenv\Lib\site-packages\pyop\authz_state.py"", line 14, in <module>
[2024/09/20 11:42:54.221]     from .storage import StatelessWrapper
[2024/09/20 11:42:54.221]   File ""Z:\data\mci\401ea096db7a62eebb183f2f608bede6\drivers-tools\.evergreen\auth_aws\authawsvenv\Lib\site-packages\pyop\storage.py"", line 18, in <module>
[2024/09/20 11:42:54.221]     import pymongo
[2024/09/20 11:42:54.221]   File ""Z:\data\mci\401ea096db7a62eebb183f2f608bede6\drivers-tools\.evergreen\auth_aws\authawsvenv\Lib\site-packages\pymongo\__init__.py"", line 91, in <module>
[2024/09/20 11:42:54.221]     from pymongo.asynchronous.mongo_client import AsyncMongoClient
[2024/09/20 11:42:54.221]   File ""Z:\data\mci\401ea096db7a62eebb183f2f608bede6\drivers-tools\.evergreen\auth_aws\authawsvenv\Lib\site-packages\pymongo\asynchronous\mongo_client.py"", line 62, in <module>
[2024/09/20 11:42:54.221]     from pymongo import _csot, common, helpers_shared, uri_parser
[2024/09/20 11:42:54.221]   File ""Z:\data\mci\401ea096db7a62eebb183f2f608bede6\drivers-tools\.evergreen\auth_aws\authawsvenv\Lib\site-packages\pymongo\uri_parser.py"", line 37, in <module>
[2024/09/20 11:42:54.221]     from pymongo.client_options import _parse_ssl_options
[2024/09/20 11:42:54.221]   File ""Z:\data\mci\401ea096db7a62eebb183f2f608bede6\drivers-tools\.evergreen\auth_aws\authawsvenv\Lib\site-packages\pymongo\client_options.py"", line 36, in <module>
[2024/09/20 11:42:54.221]     from pymongo.ssl_support import get_ssl_context
[2024/09/20 11:42:54.221]   File ""Z:\data\mci\401ea096db7a62eebb183f2f608bed",PYTHON,Bug,,,,cross_driver_inconsistency,medium
184,PYTHON-5706,https://jira.mongodb.org/browse/PYTHON-5706,opus,test_infrastructure,server-selection,high,Issue split from DRIVERS-3380 to add spec test for server deprioritization; test infrastructure addition.,Add spec test for server deprioritization with changed ServerDescription,"This ticket was split from {{DRIVERS-3380}}, please see that ticket for a detailed description. ",PYTHON,Improvement,Server Selection,spec-compliance,Issue split:DRIVERS-3380,not_relevant,medium
185,RUBY-1241,https://jira.mongodb.org/browse/RUBY-1241,opus,not_relevant,sdam,medium,Driver caches resolved IPs of replica members instead of hostnames in Kubernetes; behavior question not covered by SDAM spec rule.,Mongo ruby driver caches unreachable replica ipaddresses,"*TL;DR :* mongodb ruby driver tries to communicate with cluster members using their ip address which may become invalid over time, as the cluster topology evolves; after a while, existing clients cannot communicate with the cluster anymore ; caching the host name instead of the volatile ip address would fix the issue.

I am running a mongodb replicaSet as kubernetes statefulset. In this setup, each member of cluster member runs in a ""pod"" (a docker container); each time I recreate the ""pod"", its host name (and DNS host) remains stable but the pod ip address changes.

In other words, a cluster of 3 replicas may be formed of:
* pod1 (hostname = mongodb-0.mycluster, ip=10.128.30.39)   # <-- arbitrary address in 10.128.x.x
* pod2 (hostname = mongodb-1.mycluster, ip=10.129.31.50)   # <-- arbitrary address in 10.129.x.x
* pod3 (hostname = mongodb-2.mycluster, ip=10.130.50.19)   # <-- arbitrary address in 10.130.x.x

If I delete the first pod, kubernetes will recreate it and the cluster will look like this:
* pod1 (hostname = mongodb-0.mycluster, ip=10.128.10.79)    # <--- same hostname, different ipaddress
* pod2 (hostname = mongodb-1.mycluster, ip=10.129.31.50)    # <--- previous hostname & ipaddress
* pod3 (hostname = mongodb-2.mycluster, ip=10.130.50.19)    # <--- previous hostname & ipaddress

Let's explore with in Ruby console:

{code:ruby}
puts ENV['MONGODB_URL']
# => mongodb://myapp-api:REDACTED@mongodb.backends:27017/db2?replicaSet=rs0
client = Mongo::Client.new ENV['MONGODB_URL']
client.cluster.servers.each do |s|
  puts ""#{s.address} => #{s.address.instance_variable_get(:@resolver).host}""
end
# mongodb-2.mongodb.backends.svc.cluster.local:27017 => 10.131.0.14 # <-- volatile ip
# mongodb-1.mongodb.backends.svc.cluster.local:27017 => 10.130.0.15 # <-- volatile ip
# mongodb-0.mongodb.backends.svc.cluster.local:27017 => 10.129.0.19 # <-- volatile ip
# now, let's use the client
client.collections.count
# => 8
# lets' do the sa",RUBY,Bug,Replica Set,,Related:RUBY-1285|Related:RUBY-1601|Related:RUBY-1486,not_relevant,medium
186,RUBY-1454,https://jira.mongodb.org/browse/RUBY-1454,opus,test_infrastructure,,high,Adds global Ruby test-suite client registry to suspend background monitors during SDAM tests; test harness change.,Global registry of clients in test suite,"When we are testing SDAM, it is important to not have background threads from global clients and clients created by previously executing tests get in the way of the current test. This requires at a minimum suspending background monitoring of all outstanding clients. As there is utility in sharing client instances between tests, this ticket proposes to:

1. Add a global registry (glorified array) of mongo clients.
2. Replace all Mongo::Client.new calls with a helper invocation that adds the created client to the registry.
3. Add a helper method that kills background monitoring threads of all active clients. I believe calling `disconnect` would accomplish this.
4. Adds a helper method that reinstates background monitoring threads, such as by calling `reconnect`.

This also paves way for automatically cleaning up all clients created by individual test cases, if we mark the global clients specially.",RUBY,Improvement,Tests,,Related:RUBY-1455,not_relevant,high
187,RUBY-1654,https://jira.mongodb.org/browse/RUBY-1654,opus,not_relevant,transactions|retryable-writes|write-concern,high,Implement w:majority retry on commitTransaction per DRIVERS-601/SPEC-1185; transactions spec compliance.,Implement w:majority when retrying commitTransaction,,RUBY,Improvement,Spec Comp,size-small,Depends:SPEC-1185|Depends:DRIVERS-601|Duplicate:RUBY-1689,driver_spec_nonconformance,high
188,RUBY-1863,https://jira.mongodb.org/browse/RUBY-1863,opus,test_infrastructure,cmap,high,Update CMAP pool creation tests to ignore ConnectionReadyEvent per DRIVERS-673; spec test runner change.,Ignore ConnectionReadyEvent in CMAP pool creation test,See DRIVERS-673 for details.,RUBY,Bug,,,Depends:SPEC-1311|Depends:DRIVERS-673,cross_driver_inconsistency,medium
189,RUBY-1936,https://jira.mongodb.org/browse/RUBY-1936,opus,test_infrastructure,cmap,high,Ruby implementation of SPEC-1365 to include address in cmap event assertions; spec test update.,Include address in all cmap spec tests' event assertions,This is the Ruby implementation of https://jira.mongodb.org/browse/SPEC-1365.,RUBY,Improvement,,,Related:SPEC-1365,avoidable_by_spec_conformance,medium
190,RUBY-3044,https://jira.mongodb.org/browse/RUBY-3044,opus,driver_spec_nonconformance,transactions|crud,high,"Bulk write batch splitting incorrectly increments txn_num inside transaction, violating Transactions spec for txn number stability.",Large bulk_write fails inside transactions,"When performing large bulk_writes, the write may internally be split into multiple smaller batches. This process increments the txn_num, which causes issues when an explicit transaction was used.

Script to reproduce:

{code:ruby}
require 'mongo'

client = Mongo::Client.new('mongodb://127.0.0.1:27017/test')
db = client.database
collection = db['people']

doc = {
  name: 'Steve',
  data: '.' * 20_000
}
op_count = 3_000
doc_size = BSON::Document.new(doc).to_s.length
total_size = doc_size * op_count
puts ""Size estimate: #{total_size}"" # Should be > 48MB to trigger this issue

client.start_session do |session|
  session.with_transaction do
    puts ""In transaction: #{session.txn_num}""
    collection.bulk_write([{insert_one: doc}] * op_count, { session: session })
  rescue => e
    puts e.inspect
    puts e.backtrace
    raise e
  end
end
{code}

Output:
{code}
Size estimate: 60087000
In transaction: 1
#<Mongo::Error::OperationFailure: [251:NoSuchTransaction]: Given transaction number 1 does not match any in-progress transactions. The active transaction number is -1 (on 127.0.0.1:27017, modern retry, attempt 1)>
~/.rbenv/versions/2.7.6/lib/ruby/gems/2.7.0/gems/mongo-2.18.0.beta1/lib/mongo/operation/result.rb:364:in `raise_operation_failure'
~/.rbenv/versions/2.7.6/lib/ruby/gems/2.7.0/gems/mongo-2.18.0.beta1/lib/mongo/operation/result.rb:330:in `validate!'
~/.rbenv/versions/2.7.6/lib/ruby/gems/2.7.0/gems/mongo-2.18.0.beta1/lib/mongo/bulk_write/result_combiner.rb:119:in `combine_write_errors!'
~/.rbenv/versions/2.7.6/lib/ruby/gems/2.7.0/gems/mongo-2.18.0.beta1/lib/mongo/bulk_write/result_combiner.rb:109:in `combine_errors!'
~/.rbenv/versions/2.7.6/lib/ruby/gems/2.7.0/gems/mongo-2.18.0.beta1/lib/mongo/bulk_write/result_combiner.rb:71:in `combine!'
~/.rbenv/versions/2.7.6/lib/ruby/gems/2.7.0/gems/mongo-2.18.0.beta1/lib/mongo/bulk_write.rb:198:in `block (3 levels) in execute_operation'
~/.rbenv/versions/2.7.6/lib/ruby/gems/2.7.0/gems",RUBY,Bug,,,,avoidable_by_spec_conformance,medium
191,RUBY-3722,https://jira.mongodb.org/browse/RUBY-3722,opus,driver_spec_nonconformance,retryable-reads|retryable-writes,high,"Driver fails to retry on SocketError during pool checkout, explicitly violating retryable reads spec since 2022-01-25.","SocketError during connection pool check out was not retried, violating retryable reads/writes specification","h2. Details

The Ruby driver currently does *not retry* when a {{SocketError}} is raised during connection pool check out. This behavior *violates the retryable reads specification* (see [specification|https://github.com/mongodb/specifications/blob/d41d48b90ef22aedae934dd22f3a21c65b5a13bc/source/retryable-reads/retryable-reads.md?plain=1#L570]), which since 2022-01-25 requires drivers to retry on handshake network failures.
h2. Root Cause Analysis

The issue appears to be in the exception mapping:
 * Socket.getaddrinfo raises Ruby's standard SocketError when DNS resolution fails
 * The map_exceptions method in Address#socket doesn't map SocketError to Mongo::Error::SocketError
 * The retry logic in ReadWorker#modern_read_with_retry only catches Mongo::Error::SocketError and its subclasses
 * As a result, the unmapped SocketError bypasses the retry mechanism entirely

h2. Suggested fix

Update the {{map_exceptions}} method in {{Address}} class to include {{SocketError}} in the exception mapping, ensuring it gets converted to {{Mongo::Error::SocketError}} so the retry logic can catch and handle it appropriately.
h2. Code References
 * Retry logic: [https://github.com/mongodb/mongo-ruby-driver/blob/9ce8f9049a069139f2e4ecbaeb4af12c1454fdf1/lib/mongo/retryable/read_worker.rb#L206]
 * map_exceptions: [https://github.com/mongodb/mongo-ruby-driver/blob/9ce8f9049a069139f2e4ecbaeb4af12c1454fdf1/lib/mongo/address.rb#L308]
 * getaddrinfo call: [https://github.com/mongodb/mongo-ruby-driver/blob/9ce8f9049a069139f2e4ecbaeb4af12c1454fdf1/lib/mongo/address.rb#L240]",RUBY,Bug,,,,driver_spec_nonconformance,high
192,RUBY-3739,https://jira.mongodb.org/browse/RUBY-3739,opus,not_relevant,csfle,medium,"Decrypt CSFLE values into native Ruby Integer types; Ruby-specific type ergonomics, not a CSFLE spec deviation.",Allow CSFLE in Ruby to be decrypted using Ruby types,"{code:ruby}
require ""bundler/inline""

gemfile do
  source ""https://rubygems.org""
  gem ""mongo""
  gem ""ffi""
  gem ""libmongocrypt-helper""
end

begin
  require ""mongo""

  mongo_client = ::Mongo::Client.new(
            ""mongodb://127.0.0.1:27017"",
            { read: { mode: :primary }, max_pool_size: 100, database: ""users_db"", server_selection_timeout: 1, user: ""myUser"", password: ""myPassword"", auth_source: ""admin"" }
  )
  encrypted_mongo_client = ::Mongo::Client.new(
            ""mongodb://127.0.0.1:27017"",
            { read: { mode: :primary }, max_pool_size: 100, database: ""users_db"", server_selection_timeout: 1, auto_encryption_options: { key_vault_namespace: ""encryption.__keyVault"", kms_providers:
            { local: { key: ""[\x02h/\x15\xEF\xC1\x85jj\x12\xCF\x06\xA3\xD0Zx\xADD/]\x13wr\xFD\x80U\x954\x86s\xBE\xB0\x16\x984\x8A\xC3$\x1F\x169\xD6\xCB\xB9\xB5t\x82\xD1\xA8o\xD6\xF7\xE8\xCCi\xA0\xB9aF\xA9-\x8AH9+\xA8\xBBK6\x90\x97\x9BE\xA2_\xA8_\\\xF8\xCA\a\x8A6\xA9\xEF'\x9C?\x04\x81f}\xCA\xC1\x9C"" } },
            schema_map: {}, extra_options: { mongocryptd_uri: ""mongodb://localhost:27666"" } }, user: ""myUser"", password: ""myPassword"", auth_source: ""admin"" }
  )

  id = 123456789

  number_hi = 2**32
  number_lo = 2**30

  encrypted_mongo_client[:users].delete_one({ _id: id })
  encrypted_mongo_client[:users].insert_one({ _id: id, number_hi:, number_lo: })

  # encrypted client
  puts encrypted_mongo_client[:users].find({ _id: id }).first[""number_hi""].class # BSON::Int64
  puts encrypted_mongo_client[:users].find({ _id: id }).first[""number_lo""].class # Integer

  # normal client
  puts mongo_client[:users].find({ _id: id }).first[""number_hi""].class # Integer
  puts mongo_client[:users].find({ _id: id }).first[""number_lo""].class # Integer
end
{code}

Proposed change at https://github.com/mongodb/mongo-ruby-driver/pull/2967",RUBY,Improvement,Client Side Encryption,,Documented:DOCSP-55962,driver_spec_nonconformance,medium
193,RUBY-842,https://jira.mongodb.org/browse/RUBY-842,opus,not_relevant,,medium,"error_code not populated on OperationFailure with 2.6 server; Ruby exception API ergonomics, not a published spec rule.",mongo-ruby-driver does not populate error_code for exceptions from MongoDB 2.6 servers,"It looks like MongoDB changed the format of error objects returned such that the mongo-ruby-driver no longer populates the `error_code` property on exceptions:

Current behavior (with a 2.6 server):

{code}
evan@caron:~$ pry
[1] pry(main)> gem 'mongo', '~> 1.11'
=> true
[2] pry(main)> require 'mongo'
=> true
[3] pry(main)> conn = Mongo::Connection.new;
[4] pry(main)> conn['test']['test_unique'].ensure_index({name: 1}, {unique: true})
=> ""name_1""
[5] pry(main)> conn['test']['test_unique'].save({_id: 1, name: 'evan'})
=> 1
[6] pry(main)> conn['test']['test_unique'].save({_id: 2, name: 'evan'})
Mongo::OperationFailure: Database command 'update' failed: (ok: '1'; nModified: '0'; n: '0'; lastOp: 'seconds: 1417480850, increment: 1'; electionId: '547204e1f7f0f1a6e9092731'; writeErrors: '[{""index""=>0, ""code""=>11000, ""errmsg""=>""insertDocument :: caused by :: 11000 E11000 duplicate key error index: test.test_unique.$name_1  dup key: { : \""evan\"" }""}]').
from /home/evan/.rbenv/versions/2.1.2/lib/ruby/gems/2.1.0/gems/mongo-1.11.1/lib/mongo/db.rb:581:in `command'
[7] pry(main)> e = _ex_
=> #<Mongo::OperationFailure: Database command 'update' failed: (ok: '1'; nModified: '0'; n: '0'; lastOp: 'seconds: 1417480850, increment: 1'; electionId: '547204e1f7f0f1a6e9092731'; writeErrors: '[{""index""=>0, ""code""=>11000, ""errmsg""=>""insertDocument :: caused by :: 11000 E11000 duplicate key error index: test.test_unique.$name_1  dup key: { : \""evan\"" }""}]').>
[8] pry(main)> e.error_code
=> nil
{code}

Previous behavior (with a 2.4 server):

{code}
[1] pry(main)> require 'mongo'
=> true
[2] pry(main)> conn = Mongo::Connection.new;
[3] pry(main)> conn['test']['test_unique'].ensure_index({name: 1}, {unique: true})
=> ""name_1""
[4] pry(main)> conn['test']['test_unique'].save({_id: 1, name: 'evan'})
=> 1
[5] pry(main)> conn['test']['test_unique'].save({_id: 2, name: 'evan'})
Mongo::OperationFailure: 11000: E11000 duplicate key error index: test.test_unique.$name_1  dup key: { : ""evan"" }
from /usr/li",RUBY,Bug,,,,not_relevant,medium
194,RUST-725,https://jira.mongodb.org/browse/RUST-725,opus,not_relevant,stable-api|wire-protocol,medium,Per-driver implementation of DRIVERS-1633 (use 'hello' command when API Version declared); Stable API/handshake conformance.,"Use ""hello"" command when API Version is declared","{html}
    <div id=""script-target-wrapper"">
        <br>
        <b>DRIVERS Ticket Description</b>
        <div id=""lang-script-target"">
            <!-- This block of HTML and the script in it auto-populate the DRIVERS ticket description on page load. -->
            Script Target - If you can read this text, the script has failed
            <script>
                $.get('https://jira.mongodb.org/browse/DRIVERS-1633', function(data) {
                    var description = $(data).find(""#description-val"");
                    $(""#lang-script-target"").html(description);
                });
            </script>
        </div>
    </div>
{html}
",RUST,Improvement,,,Issue split:DRIVERS-1633,driver_spec_nonconformance,high
195,SCALA-230,https://jira.mongodb.org/browse/SCALA-230,opus,not_relevant,wire-protocol,medium,Spec requirement: drivers must error if response messageLength exceeds maxMessageSizeBytes; related to DRIVERS-276.,Drivers must raise an error if response messageLength > ismaster.maxMessageSizeBytes,,SCALA,Improvement,,,Related:DRIVERS-276,driver_spec_nonconformance,high
196,SCALA-485,https://jira.mongodb.org/browse/SCALA-485,opus,not_relevant,,medium,"Scala-specific BSON annotation handling for ADT case classes; language-binding macro/codec bug, not a BSON spec rule.",@BsonProperty is ignored in ADT case classes,"@BsonProperty is not being applied in ADT case classes:
{code:scala}
sealed class Tree
case class Branch(@BsonProperty(""someName"") b1: Tree, b2: Tree, value: Int) extends Tree
case class Leaf(value: Int) extends Tree
collection.insertOne(Branch(Branch(Leaf(1),Leaf(2), 3),Leaf(4),5))
{code}

gets saved as 
{code:json}{
  ""_id"" : ObjectId(""5c207fd77aa018cccb795f38""),
  ""_t"" : ""Branch"",
  ""b1"" : {
    ""_t"" : ""Branch"",
    ""b1"" : {
      ""_t"" : ""Leaf"",
      ""value"" : 1
    },
  ""b2"" : {
    ""_t"" : ""Leaf"",
    ""value"" : 2
    },
  ""value"" : 3
  },
  ""b2"" : {
    ""_t"" : ""Leaf"",
    ""value"" : 4
  },
  ""value"" : 5
}
{code}",SCALA,Bug,API,,,driver_spec_nonconformance,high
197,SWIFT-1192,https://jira.mongodb.org/browse/SWIFT-1192,opus,not_relevant,stable-api,high,Issue split from DRIVERS-1720 to require Stable API options on getMore and transaction-continuing commands; per-driver spec implementation.,Require passing Stable API options to getMore and transaction-continuing commands,"
{html}
    <div id=""script-target-wrapper"">
        <br>
        <b>DRIVERS Ticket Description</b>
        <div id=""lang-script-target"">
            <!-- This block of HTML and the script in it auto-populate the DRIVERS ticket description on page load. -->
            Script Target - If you can read this text, the script has failed
            <script>
                $.get('https://jira.mongodb.org/browse/DRIVERS-1720', function(data) {
                    var description = $(data).find(""#description-val"");
                    $(""#lang-script-target"").html(description);
                });
            </script>
        </div>
    </div>
{html}
",SWIFT,Improvement,,,Depends:CDRIVER-3974|Issue split:DRIVERS-1720|Related:SWIFT-1232,driver_spec_nonconformance,high
198,SWIFT-1459,https://jira.mongodb.org/browse/SWIFT-1459,opus,not_relevant,cmap,low,"Handle errors when opening connection pool; thin description, fix discussion only in linked PR; likely implementation hardening.",Handle errors when opening the connection pool,Details on the proposed fix for this problem can be found in this thread: https://github.com/mongodb/mongo-swift-driver/pull/729#discussion_r790023808,SWIFT,Bug,,quick-win,,avoidable_by_spec_conformance,medium
199,SWIFT-1470,https://jira.mongodb.org/browse/SWIFT-1470,opus,test_infrastructure,load-balancer,high,Issue split from DRIVERS-1983 to update load balancer tests for dedicated port; per-driver spec test update.,Update load balancer tests to support dedicated load balancer port,"This ticket was split from {{DRIVERS-1983}}, please see that ticket for a detailed description. ",SWIFT,Improvement,,,Depends:SWIFT-1455|Issue split:DRIVERS-1983|Related:CDRIVER-4275,test_infrastructure,medium
200,SWIFT-974,https://jira.mongodb.org/browse/SWIFT-974,opus,not_relevant,,high,"Cursor leak after DecodingError in findOne; Swift-specific resource cleanup bug, not a spec rule deviation.",Cursor gets leaked in findOne after DecodingError,"In {{findOne}}, we ensure we only kill the cursor after a successful document retrieval since we assume the cursor will clean itself up appropriately after encountering an error. Cursors do not close themselves after encountering \{{DecodingError}} s, however, and in those cases we leak the cursor.
{code}struct Blah: Decodable {
    let lfkjadsjkla: String
}
let coll = db.collection(""blah"", withType: Blah.self)
try coll.findOne([:]).wait()
{code}
yields (in Debug mode)
{code}Assertion failed: cursor or change stream wasn't closed before it went out of scope: file /home/patrick/mongo-swift-driver/Sources/MongoSwift/CursorCommon.swift, line 247
{code}",SWIFT,Bug,,,,avoidable_by_spec_conformance,medium
